100,101,102
100,100,100
99.9994,100,100
99.9988,100,100
99.9982,100,100
99.9977,100,100
99.9971,100,100
99.9965,100,100
99.9959,100,100
99.9953,100,100
99.9947,100,100
99.9942,100,100
99.9936,100,100
99.993,100,100
99.9924,100,100
99.9918,100,100
99.9912,100,100
99.9906,100,100
99.9901,100,100
99.9895,100,100
99.9889,100,100
99.9883,100,100
99.9877,100,100
99.9871,100,100
99.9866,100,100
99.986,100,100
99.9854,100,100
99.9848,100,100
99.9842,100,100
99.9836,100,100
99.983,100,100
99.9825,100,100
99.9819,100,100
99.9813,100,100
99.9807,100,100
99.9801,100,100
99.9795,100,100
99.979,100,100
99.9784,100,100
99.9778,100,100
99.9772,100,100
99.9766,100,100
99.976,100,100
99.9754,100,100
99.9749,100,100
99.9743,100,100
99.9737,100,100
99.9731,100,100
99.9725,100,100
99.9719,100,100
99.9714,100,100
99.9708,100,100
99.9702,100,100
99.9696,100,100
99.969,100,100
99.9684,100,100
99.9678,100,100
99.9673,100,100
99.9667,100,100
99.9661,100,100
99.9655,100,100
99.9649,100,100
99.9643,100,100
99.9638,100,100
99.9632,100,100
99.9626,100,100
99.962,100,100
99.9614,100,100
99.9608,100,100
99.9603,100,100
99.9597,100,100
99.9591,100,100
99.9585,100,100
99.9579,100,100
99.9573,100,100
99.9567,100,100
99.9562,100,100
99.9556,100,100
99.955,100,100
99.9544,100,100
99.9538,100,100
99.9532,100,100
99.9527,100,100
99.9521,100,100
99.9515,100,100
99.9509,100,100
99.9503,100,100
99.9497,100,100
99.9491,100,100
99.9486,100,100
99.948,100,100
99.9474,100,100
99.9468,100,100
99.9462,100,100
99.9456,100,100
99.9451,100,100
99.9445,100,100
99.9439,100,100
99.9433,100,100
99.9427,100,100
99.9421,100,100
99.9415,100,100
99.941,100,100
99.9404,100,100
99.9398,100,100
99.9393,100,100
99.9387,100,100
99.9381,100,100
99.9376,100,100
99.937,100,100
99.9364,100,100
99.9359,100,100
99.9353,100,100
99.9347,100,100
99.9342,100,100
99.9336,100,100
99.933,100,100
99.9325,100,100
99.9319,100,100
99.9313,100,100
99.9308,100,100
99.9302,100,100
99.9296,100,100
99.9291,100,100
99.9285,100,100
99.9279,100,100
99.9274,100,100
99.9268,100,100
99.9262,100,100
99.9257,100,100
99.9251,100,100
99.9245,100,100
99.924,100,100
99.9234,100,100
99.9228,100,100
99.9223,100,100
99.9217,100,100
99.9211,100,100
99.9206,100,100
99.92,100,100
99.9194,100,100
99.9189,100,100
99.9183,100,100
99.9177,100,100
99.9172,100,100
99.9166,100,100
99.916,100,100
99.9155,100,100
99.9149,100,100
99.9143,100,100
99.9138,100,100
99.9132,100,100
99.9126,100,100
99.9121,100,100
99.9115,100,100
99.9109,100,100
99.9104,100,100
99.9098,100,100
99.9092,100,100
99.9086,100,100
99.9081,100,100
99.9075,100,100
99.9069,100,100
99.9064,100,100
99.9058,100,100
99.9052,100,100
99.9047,100,100
99.9041,100,100
99.9035,100,100
99.903,100,100
99.9024,100,100
99.9018,100,100
99.9013,100,100
99.9007,100,100
99.9001,100,100
99.8996,100,100
99.899,100,100
99.8984,100,100
99.8979,100,100
99.8973,100,100
99.8967,100,100
99.8962,100,100
99.8956,100,100
99.895,100,100
99.8945,100,100
99.8939,100,100
99.8933,100,100
99.8928,100,100
99.8922,100,100
99.8916,100,100
99.8911,100,100
99.8905,100,100
99.8899,100,100
99.8894,100,100
99.8888,100,100
99.8882,100,100
99.8877,100,100
99.8871,100,100
99.8865,100,100
99.886,100,100
99.8854,100,100
99.8848,100,100
99.8843,100,100
99.8837,100,100
99.8832,100,100
99.8826,100,100
99.8821,100,100
99.8815,100,100
99.881,100,100
99.8804,100,100
99.8799,100,100
99.8793,100,100
99.8788,100,100
99.8782,100,100
99.8777,100,100
99.8771,100,100
99.8766,100,100
99.876,100,100
99.8755,100,100
99.8749,100,100
99.8744,100,100
99.8738,100,100
99.8733,100,100
99.8727,100,100
99.8722,100,100
99.8716,100,100
99.8711,100,100
99.8705,100,100
99.87,100,100
99.8694,100,100
99.8689,100,100
99.8684,100,100
99.8678,100,100
99.8673,100,100
99.8667,100,100
99.8662,100,100
99.8656,100,100
99.8651,100,100
99.8645,100,100
99.864,100,100
99.8634,100,100
99.8629,100,100
99.8623,100,100
99.8618,100,100
99.8612,100,100
99.8607,100,100
99.8601,100,100
99.8596,100,100
99.859,100,100
99.8585,100,100
99.8579,100,100
99.8574,100,100
99.8568,100,100
99.8563,100,100
99.8557,100,100
99.8552,100,100
99.8546,100,100
99.8541,100,100
99.8535,100,100
99.853,100,100
99.8524,100,100
99.8519,100,100
99.8513,100,100
99.8508,100,100
99.8502,100,100
99.8497,100,100
99.8491,100,100
99.8486,100,100
99.848,100,100
99.8475,100,100
99.8469,100,100
99.8464,100,100
99.8458,100,100
99.8453,100,100
99.8447,100,100
99.8442,100,100
99.8436,100,100
99.8431,100,100
99.8425,100,100
99.842,100,100
99.8414,100,100
99.8409,100,100
99.8403,100,100
99.8398,100,100
99.8392,100,100
99.8387,100,100
99.8381,100,100
99.8376,100,100
99.837,100,100
99.8365,100,100
99.8359,100,100
99.8354,100,100
99.8348,100,100
99.8343,100,100
99.8337,100,100
99.8332,100,100
99.8326,100,100
99.8321,100,100
99.8315,100,100
99.831,100,100
99.8304,100,100
99.8299,100,100
99.8293,100,100
99.8288,100,100
99.8282,100,100
99.8277,100,100
99.8271,100,100
99.8266,100,100
99.826,100,100
99.8255,100,100
99.8249,100,100
99.8244,100,100
99.8238,100,100
99.8233,100,100
99.8227,100,100
99.8222,100,100
99.8216,100,100
99.8211,100,100
99.8205,100,100
99.82,100,100
99.8194,100,100
99.8189,100,100
99.8183,100,100
99.8178,100,100
99.8172,100,100
99.8167,100,100
99.8161,100,100
99.8156,100,100
99.815,100,100
99.8145,100,100
99.8139,100,100
99.8134,100,100
99.8128,100,100
99.8123,100,100
99.8117,100,100
99.8112,100,100
99.8106,100,100
99.8101,100,100
99.8095,100,100
99.809,100,100
99.8084,100,100
99.8079,100,100
99.8073,100,100
99.8068,100,100
99.8062,100,100
99.8057,100,100
99.8051,100,100
99.8046,100,100
99.804,100,100
99.8035,100,100
99.8029,100,100
99.8024,100,100
99.8018,100,100
99.8013,100,100
99.8007,100,100
99.8002,100,100
99.7996,100,100
99.7991,100,100
99.7985,100,100
99.798,100,100
99.7974,100,100
99.7969,100,100
99.7963,100,100
99.7958,100,100
99.7952,100,100
99.7947,100,100
99.7941,100,100
99.7936,100,100
99.793,100,100
99.7925,100,100
99.7919,100,100
99.7914,100,100
99.7908,100,100
99.7903,100,100
99.7897,100,100
99.7892,100,100
99.7886,100,100
99.7881,100,100
99.7875,100,100
99.787,100,100
99.7864,100,100
99.7859,100,100
99.7853,100,100
99.7848,100,100
99.7842,100,100
99.7837,100,100
99.7831,100,100
99.7826,100,100
99.782,100,100
99.7815,100,100
99.7809,100,100
99.7804,100,100
99.7798,100,100
99.7793,100,100
99.7787,100,100
99.7782,100,100
99.7776,100,100
99.7771,100,100
99.7765,100,100
99.776,100,100
99.7754,100,100
99.7749,100,100
99.7743,100,100
99.7737,100,100
99.7731,100,100
99.7725,100,100
99.7719,100,100
99.7713,100,100
99.7707,100,100
99.7701,100,100
99.7695,100,100
99.7689,100,100
99.7683,100,100
99.7678,100,100
99.7672,100,100
99.7666,100,100
99.766,100,100
99.7654,100,100
99.7648,100,100
99.7642,100,100
99.7636,100,100
99.763,100,100
99.7624,100,100
99.7618,100,100
99.7612,100,100
99.7606,100,100
99.76,100,100
99.7594,100,100
99.7589,100,100
99.7583,100,100
99.7577,100,100
99.7571,100,100
99.7565,100,100
99.7559,100,100
99.7553,100,100
99.7547,100,100
99.7541,100,100
99.7535,100,100
99.7529,100,100
99.7523,100,100
99.7517,100,100
99.7511,100,100
99.7506,100,100
99.75,100,100
99.7494,100,100
99.7488,100,100
99.7482,100,100
99.7476,100,100
99.747,100,100
99.7464,100,100
99.7458,100,100
99.7452,100,100
99.7446,100,100
99.744,100,100
99.7434,100,100
99.7428,100,100
99.7423,100,100
99.7417,100,100
99.7411,100,100
99.7405,100,100
99.7399,100,100
99.7393,100,100
99.7387,100,100
99.7381,100,100
99.7375,100,100
99.7369,100,100
99.7363,100,100
99.7357,100,100
99.7351,100,100
99.7345,100,100
99.7339,100,100
99.7334,100,100
99.7328,100,100
99.7322,100,100
99.7316,100,100
99.731,100,100
99.7304,100,100
99.7298,100,100
99.7292,100,100
99.7286,100,100
99.728,100,100
99.7274,100,100
99.7268,100,100
99.7262,100,100
99.7256,100,100
99.7251,100,100
99.7245,100,100
99.7239,100,100
99.7233,100,100
99.7227,100,100
99.7221,100,100
99.7215,100,100
99.7209,100,100
99.7203,100,100
99.7197,100,100
99.7191,100,100
99.7185,100,100
99.7179,100,100
99.7173,100,100
99.7167,100,100
99.7162,100,100
99.7156,100,100
99.7149,100,100
99.7142,100,100
99.7135,100,100
99.7129,100,100
99.7122,100,100
99.7115,100,100
99.7108,100,100
99.7101,100,100
99.7095,100,100
99.7088,100,100
99.7081,100,100
99.7074,100,100
99.7067,100,100
99.706,100,100
99.7054,100,100
99.7047,100,100
99.704,100,100
99.7033,100,100
99.7026,100,100
99.702,100,100
99.7013,100,100
99.7006,100,100
99.6999,100,100
99.6992,100,100
99.6986,100,100
99.6979,100,100
99.6972,100,100
99.6965,100,100
99.6958,100,100
99.6952,100,100
99.6945,100,100
99.6938,100,100
99.6931,100,100
99.6924,100,100
99.6918,100,100
99.6911,100,100
99.6904,100,100
99.6897,100,100
99.689,100,100
99.6884,100,100
99.6877,100,100
99.687,100,100
99.6863,100,100
99.6856,100,100
99.685,100,100
99.6843,100,100
99.6836,100,100
99.6829,100,100
99.6822,100,100
99.6815,100,100
99.6809,100,100
99.6802,100,100
99.6795,100,100
99.6788,100,100
99.6781,100,100
99.6775,100,100
99.6768,100,100
99.6761,100,100
99.6754,100,100
99.6747,100,100
99.6741,100,100
99.6734,100,100
99.6727,100,100
99.672,100,100
99.6713,100,100
99.6707,100,100
99.67,100,100
99.6693,100,100
99.6686,100,100
99.6679,100,100
99.6673,100,100
99.6666,100,100
99.6659,100,100
99.6652,100,100
99.6645,100,100
99.6639,100,100
99.6632,100,100
99.6625,100,100
99.6618,100,100
99.6611,100,100
99.6605,100,100
99.6598,100,100
99.6591,100,100
99.6584,100,100
99.6577,100,100
99.6571,100,100
99.6564,100,100
99.6557,100,100
99.655,100,100
99.6543,100,100
99.6536,100,100
99.653,100,100
99.6523,100,100
99.6516,100,100
99.6509,100,100
99.6502,100,100
99.6496,100,100
99.6489,100,100
99.6482,100,100
99.6475,100,100
99.6468,100,100
99.646,100,100
99.6452,100,100
99.6444,100,100
99.6436,100,100
99.6428,100,100
99.6421,100,100
99.6413,100,100
99.6405,100,100
99.6397,100,100
99.6389,100,100
99.6381,100,100
99.6374,100,100
99.6366,100,100
99.6358,100,100
99.635,100,100
99.6342,100,100
99.6334,100,100
99.6327,100,100
99.6319,100,100
99.6311,100,100
99.6303,100,100
99.6295,100,100
99.6287,100,100
99.6279,100,100
99.6272,100,100
99.6264,100,100
99.6256,100,100
99.6248,100,100
99.624,100,100
99.6232,100,100
99.6225,100,100
99.6217,100,100
99.6209,100,100
99.6201,100,100
99.6193,100,100
99.6185,100,100
99.6178,100,100
99.617,100,100
99.6162,100,100
99.6154,100,100
99.6146,100,100
99.6138,100,100
99.6131,100,100
99.6123,100,100
99.6115,100,100
99.6107,100,100
99.6099,100,100
99.6091,100,100
99.6084,100,100
99.6076,100,100
99.6068,100,100
99.606,100,100
99.6052,100,100
99.6044,100,100
99.6037,100,100
99.6029,100,100
99.6021,100,100
99.6013,100,100
99.6005,100,100
99.5997,100,100
99.599,100,100
99.5982,100,100
99.5974,100,100
99.5966,100,100
99.5958,100,100
99.595,100,100
99.5942,100,100
99.5935,100,100
99.5927,100,100
99.5919,100,100
99.5911,100,100
99.5903,100,100
99.5895,100,100
99.5888,100,100
99.588,100,100
99.5872,100,100
99.5864,100,100
99.5856,100,100
99.5848,100,100
99.5841,100,100
99.5833,100,100
99.5825,100,100
99.5817,100,100
99.5809,100,100
99.5801,100,100
99.5794,100,100
99.5786,100,100
99.5778,100,100
99.577,100,100
99.5762,100,100
99.5754,100,100
99.5747,100,100
99.5739,100,100
99.5731,100,100
99.5723,100,100
99.5715,100,100
99.5707,100,100
99.57,100,100
99.5692,100,100
99.5683,100,100
99.5675,100,100
99.5666,100,100
99.5657,100,100
99.5649,100,100
99.564,100,100
99.5631,100,100
99.5623,100,100
99.5614,100,100
99.5605,100,100
99.5597,100,100
99.5588,100,100
99.5579,100,100
99.5571,100,100
99.5562,100,100
99.5553,100,100
99.5545,100,100
99.5536,100,100
99.5528,100,100
99.5519,100,100
99.551,100,100
99.5502,100,100
99.5493,100,100
99.5484,100,100
99.5476,100,100
99.5467,100,100
99.5458,100,100
99.545,100,100
99.5441,100,100
99.5432,100,100
99.5424,100,100
99.5415,100,100
99.5406,100,100
99.5398,100,100
99.5389,100,100
99.538,100,100
99.5372,100,100
99.5363,100,100
99.5355,100,100
99.5346,100,100
99.5337,100,100
99.5329,100,100
99.532,100,100
99.5311,100,100
99.5303,100,100
99.5294,100,100
99.5285,100,100
99.5277,100,100
99.5268,100,100
99.5259,100,100
99.5251,100,100
99.5242,100,100
99.5233,100,100
99.5225,100,100
99.5216,100,100
99.5207,100,100
99.5199,100,100
99.519,100,100
99.5182,100,100
99.5173,100,100
99.5164,100,100
99.5156,100,100
99.5147,100,100
99.5138,100,100
99.513,100,100
99.5121,100,100
99.5112,100,100
99.5104,100,100
99.5095,100,100
99.5086,100,100
99.5078,100,100
99.5069,100,100
99.506,100,100
99.5052,100,100
99.5043,100,100
99.5034,100,100
99.5026,100,100
99.5017,100,100
99.5009,100,100
99.5,100,100
99.4991,100,100
99.4983,100,100
99.4974,100,100
99.4965,100,100
99.4957,100,100
99.4948,100,100
99.4939,100,100
99.4931,100,100
99.4922,100,100
99.4913,100,100
99.4905,100,100
99.4896,100,100
99.4887,100,100
99.4879,100,100
99.487,100,100
99.4861,100,100
99.4853,100,100
99.4844,100,100
99.4836,100,100
99.4827,100,100
99.4818,100,100
99.4808,100,100
99.4799,100,100
99.479,100,100
99.4781,100,100
99.4771,100,100
99.4762,100,100
99.4753,100,100
99.4743,100,100
99.4734,100,100
99.4725,100,100
99.4715,100,100
99.4706,100,100
99.4697,100,100
99.4688,100,100
99.4678,100,100
99.4669,100,100
99.466,100,100
99.465,100,100
99.4641,100,100
99.4632,100,100
99.4623,100,100
99.4613,100,100
99.4604,100,100
99.4595,100,100
99.4585,100,100
99.4576,100,100
99.4567,100,100
99.4557,100,100
99.4548,100,100
99.4539,100,100
99.453,100,100
99.452,100,100
99.4511,100,100
99.4502,100,100
99.4492,100,100
99.4483,100,100
99.4474,100,100
99.4465,100,100
99.4455,100,100
99.4446,100,100
99.4437,100,100
99.4427,100,100
99.4418,100,100
99.4409,100,100
99.4399,100,100
99.439,100,100
99.4381,100,100
99.4372,100,100
99.4362,100,100
99.4353,100,100
99.4344,100,100
99.4334,100,100
99.4325,100,100
99.4316,100,100
99.4307,100,100
99.4297,100,100
99.4288,100,100
99.4279,100,100
99.4269,100,100
99.426,100,100
99.4251,100,100
99.4241,100,100
99.4232,100,100
99.4223,100,100
99.4214,100,100
99.4204,100,100
99.4195,100,100
99.4186,100,100
99.4176,100,100
99.4167,100,100
99.4158,100,100
99.4149,100,100
99.4139,100,100
99.413,100,100
99.4121,100,100
99.4111,100,100
99.4102,100,100
99.4093,100,100
99.4084,100,100
99.4074,100,100
99.4065,100,100
99.4056,100,100
99.4046,100,100
99.4037,100,100
99.4028,100,100
99.4018,100,100
99.4009,100,100
99.4,100,100
99.3991,100,100
99.3981,100,100
99.3972,100,100
99.3963,100,100
99.3953,100,100
99.3944,100,100
99.3935,100,100
99.3926,100,100
99.3916,100,100
99.3907,100,100
99.3898,100,100
99.3888,100,100
99.3878,100,100
99.3868,100,100
99.3859,100,100
99.3849,100,100
99.3839,100,100
99.3829,100,100
99.3819,100,100
99.381,100,100
99.38,100,100
99.379,100,100
99.378,100,100
99.377,100,100
99.3761,100,100
99.3751,100,100
99.3741,100,100
99.3731,100,100
99.3722,100,100
99.3712,100,100
99.3702,100,100
99.3692,100,100
99.3682,100,100
99.3673,100,100
99.3663,100,100
99.3653,100,100
99.3643,100,100
99.3633,100,100
99.3624,100,100
99.3614,100,100
99.3604,100,100
99.3594,100,100
99.3585,100,100
99.3575,100,100
99.3565,100,100
99.3555,100,100
99.3545,100,100
99.3536,100,100
99.3526,100,100
99.3516,100,100
99.3506,100,100
99.3496,100,100
99.3487,100,100
99.3477,100,100
99.3467,100,100
99.3457,100,100
99.3448,100,100
99.3438,100,100
99.3428,100,100
99.3418,100,100
99.3408,100,100
99.3399,100,100
99.3389,100,100
99.3379,100,100
99.3369,100,100
99.3359,100,100
99.335,100,100
99.334,100,100
99.333,100,100
99.332,100,100
99.3311,100,100
99.3301,100,100
99.3291,100,100
99.3281,100,100
99.3271,100,100
99.3262,100,100
99.3252,100,100
99.3242,100,100
99.3232,100,100
99.3222,100,100
99.3213,100,100
99.3203,100,100
99.3193,100,100
99.3183,100,100
99.3174,100,100
99.3164,100,100
99.3154,100,100
99.3144,100,100
99.3134,100,100
99.3125,100,100
99.3115,100,100
99.3105,100,100
99.3095,100,100
99.3085,100,100
99.3076,100,100
99.3066,100,100
99.3056,100,100
99.3046,100,100
99.3037,100,100
99.3027,100,100
99.3017,100,100
99.3007,100,100
99.2997,100,100
99.2988,100,100
99.2978,100,100
99.2968,100,100
99.2958,100,100
99.2948,100,100
99.2939,100,100
99.2929,100,100
99.2919,100,100
99.2909,100,100
99.2899,100,100
99.2889,100,100
99.2878,100,100
99.2868,100,100
99.2858,100,100
99.2848,100,100
99.2838,100,100
99.2828,100,100
99.2817,100,100
99.2807,100,100
99.2797,100,100
99.2787,100,100
99.2777,100,100
99.2766,100,100
99.2756,100,100
99.2746,100,100
99.2736,100,100
99.2726,100,100
99.2716,100,100
99.2705,100,100
99.2695,100,100
99.2685,100,100
99.2675,100,100
99.2665,100,100
99.2654,100,100
99.2644,100,100
99.2634,100,100
99.2624,100,100
99.2614,100,100
99.2604,100,100
99.2593,100,100
99.2583,100,100
99.2573,100,100
99.2563,100,100
99.2553,100,100
99.2543,100,100
99.2532,100,100
99.2522,100,100
99.2512,100,100
99.2502,100,100
99.2492,100,100
99.2481,100,100
99.2471,100,100
99.2461,100,100
99.2451,100,100
99.2441,100,100
99.2431,100,100
99.242,100,100
99.241,100,100
99.24,100,100
99.239,100,100
99.238,100,100
99.2369,100,100
99.2359,100,100
99.2349,100,100
99.2339,100,100
99.2329,100,100
99.2319,100,100
99.2308,100,100
99.2298,100,100
99.2288,100,100
99.2278,100,100
99.2268,100,100
99.2257,100,100
99.2247,100,100
99.2237,100,100
99.2227,100,100
99.2217,100,100
99.2207,100,100
99.2196,100,100
99.2186,100,100
99.2176,100,100
99.2166,100,100
99.2156,100,100
99.2145,100,100
99.2135,100,100
99.2125,100,100
99.2115,100,100
99.2105,100,100
99.2095,100,100
99.2084,100,100
99.2074,100,100
99.2064,100,100
99.2054,100,100
99.2044,100,100
99.2033,100,100
99.2023,100,100
99.2013,100,100
99.2003,100,100
99.1993,100,100
99.1983,100,100
99.1972,100,100
99.1962,100,100
99.1952,100,100
99.1942,100,100
99.1932,100,100
99.1921,100,100
99.1911,100,100
99.1901,100,100
99.1891,100,100
99.188,100,100
99.187,100,100
99.1859,100,100
99.1849,100,100
99.1838,100,100
99.1828,100,100
99.1817,100,100
99.1807,100,100
99.1796,100,100
99.1786,100,100
99.1775,100,100
99.1765,100,100
99.1754,100,100
99.1744,100,100
99.1733,100,100
99.1723,100,100
99.1712,100,100
99.1702,100,100
99.1691,100,100
99.1681,100,100
99.167,100,100
99.1659,100,100
99.1649,100,100
99.1638,100,100
99.1628,100,100
99.1617,100,100
99.1607,100,100
99.1596,100,100
99.1586,100,100
99.1575,100,100
99.1565,100,100
99.1554,100,100
99.1544,100,100
99.1533,100,100
99.1523,100,100
99.1512,100,100
99.1502,100,100
99.1491,100,100
99.1481,100,100
99.147,100,100
99.146,100,100
99.1449,100,100
99.1439,100,100
99.1428,100,100
99.1418,100,100
99.1407,100,100
99.1397,100,100
99.1386,100,100
99.1376,100,100
99.1365,100,100
99.1355,100,100
99.1344,100,100
99.1334,100,100
99.1323,100,100
99.1313,100,100
99.1302,100,100
99.1292,100,100
99.1281,100,100
99.1271,100,100
99.126,100,100
99.125,100,100
99.1239,100,100
99.1229,100,100
99.1218,100,100
99.1208,100,100
99.1197,100,100
99.1187,100,100
99.1176,100,100
99.1166,100,100
99.1155,100,100
99.1145,100,100
99.1134,100,100
99.1124,100,100
99.1113,100,100
99.1103,100,100
99.1092,100,100
99.1082,100,100
99.1071,100,100
99.1061,100,100
99.105,100,100
99.104,100,100
99.1029,100,100
99.1019,100,100
99.1008,100,100
99.0997,100,100
99.0987,100,100
99.0976,100,100
99.0966,100,100
99.0955,100,100
99.0945,100,100
99.0934,100,100
99.0924,100,100
99.0913,100,100
99.0903,100,100
99.0892,100,100
99.0882,100,100
99.0871,100,100
99.0861,100,100
99.085,100,100
99.084,100,100
99.0829,100,100
99.0818,100,100
99.0807,100,100
99.0797,100,100
99.0786,100,100
99.0775,100,100
99.0764,100,100
99.0754,100,100
99.0743,100,100
99.0732,100,100
99.0721,100,100
99.0711,100,100
99.07,100,100
99.0689,100,100
99.0679,100,100
99.0668,100,100
99.0657,100,100
99.0646,100,100
99.0636,100,100
99.0625,100,100
99.0614,100,100
99.0603,100,100
99.0593,100,100
99.0582,100,100
99.0571,100,100
99.056,100,100
99.055,100,100
99.0539,100,100
99.0528,100,100
99.0517,100,100
99.0507,100,100
99.0496,100,100
99.0485,100,100
99.0474,100,100
99.0464,100,100
99.0453,100,100
99.0442,100,100
99.0431,100,100
99.0421,100,100
99.041,100,100
99.0399,100,100
99.0388,100,100
99.0378,100,100
99.0367,100,100
99.0356,100,100
99.0345,100,100
99.0335,100,100
99.0324,100,100
99.0313,100,100
99.0302,100,100
99.0292,100,100
99.0281,100,100
99.027,100,100
99.0259,100,100
99.0249,100,100
99.0238,100,100
99.0227,100,100
99.0216,100,100
99.0206,100,100
99.0195,100,100
99.0184,100,100
99.0173,100,100
99.0163,100,100
99.0152,100,100
99.0141,100,100
99.0131,100,100
99.012,100,100
99.0109,100,100
99.0098,100,100
99.0088,100,100
99.0077,100,100
99.0066,100,100
99.0055,100,100
99.0045,100,100
99.0034,100,100
99.0023,100,100
99.0012,100,100
99.0002,100,100
98.9991,100,100
98.998,100,100
98.9969,100,100
98.9959,100,100
98.9948,100,100
98.9937,100,100
98.9926,100,100
98.9916,100,100
98.9905,100,100
98.9894,100,100
98.9883,100,100
98.9873,100,100
98.9862,100,100
98.9851,100,100
98.984,100,100
98.983,100,100
98.9819,100,100
98.9808,100,100
98.9797,100,100
98.9787,100,100
98.9776,100,100
98.9765,100,100
98.9754,100,100
98.9743,100,100
98.9732,100,100
98.9721,100,100
98.971,100,100
98.9699,100,100
98.9688,100,100
98.9677,100,100
98.9666,100,100
98.9656,100,100
98.9645,100,100
98.9634,100,100
98.9623,100,100
98.9612,100,100
98.9601,100,100
98.959,100,100
98.9579,100,100
98.9568,100,100
98.9557,100,100
98.9546,100,100
98.9535,100,100
98.9524,100,100
98.9513,100,100
98.9502,100,100
98.9491,100,100
98.948,100,100
98.9469,100,100
98.9459,100,100
98.9448,100,100
98.9437,100,100
98.9426,100,100
98.9415,100,100
98.9404,100,100
98.9393,100,100
98.9382,100,100
98.9371,100,100
98.936,100,100
98.9349,100,100
98.9338,100,100
98.9327,100,100
98.9316,100,100
98.9305,100,100
98.9294,100,100
98.9283,100,100
98.9272,100,100
98.9262,100,100
98.9251,100,100
98.924,100,100
98.9229,100,100
98.9218,100,100
98.9207,100,100
98.9196,100,100
98.9185,100,100
98.9174,100,100
98.9163,100,100
98.9152,100,100
98.9141,100,100
98.913,100,100
98.9119,100,100
98.9108,100,100
98.9097,100,100
98.9086,100,100
98.9075,100,100
98.9064,100,100
98.9054,100,100
98.9043,100,100
98.9032,100,100
98.9021,100,100
98.901,100,100
98.8999,100,100
98.8988,100,100
98.8977,100,100
98.8966,100,100
98.8955,100,100
98.8944,100,100
98.8933,100,100
98.8922,100,100
98.8911,100,100
98.89,100,100
98.8889,100,100
98.8878,100,100
98.8867,100,100
98.8857,100,100
98.8846,100,100
98.8835,100,100
98.8824,100,100
98.8813,100,100
98.8802,100,100
98.8791,100,100
98.878,100,100
98.8769,100,100
98.8758,100,100
98.8747,100,100
98.8736,100,100
98.8725,100,100
98.8714,100,100
98.8703,100,100
98.8692,100,100
98.8681,100,100
98.867,100,100
98.8659,100,100
98.8648,100,100
98.8637,100,100
98.8626,100,100
98.8615,100,100
98.8604,100,100
98.8593,100,100
98.8581,100,100
98.857,100,100
98.8559,100,100
98.8548,100,100
98.8537,100,100
98.8526,100,100
98.8515,100,100
98.8504,100,100
98.8493,100,100
98.8481,100,100
98.847,100,100
98.8459,100,100
98.8448,100,100
98.8437,100,100
98.8426,100,100
98.8415,100,100
98.8404,100,100
98.8393,100,100
98.8381,100,100
98.837,100,100
98.8359,100,100
98.8348,100,100
98.8337,100,100
98.8326,100,100
98.8315,100,100
98.8304,100,100
98.8293,100,100
98.8281,100,100
98.827,100,100
98.8259,100,100
98.8248,100,100
98.8237,100,100
98.8226,100,100
98.8215,100,100
98.8204,100,100
98.8193,100,100
98.8182,100,100
98.817,100,100
98.8159,100,100
98.8148,100,100
98.8137,100,100
98.8126,100,100
98.8115,100,100
98.8104,100,100
98.8093,100,100
98.8082,100,100
98.807,100,100
98.8059,100,100
98.8048,100,100
98.8037,100,100
98.8026,100,100
98.8015,100,100
98.8004,100,100
98.7993,100,100
98.7982,100,100
98.797,100,100
98.7959,100,100
98.7948,100,100
98.7937,100,100
98.7926,100,100
98.7915,100,100
98.7904,100,100
98.7893,100,100
98.7882,100,100
98.787,100,100
98.7859,100,100
98.7848,100,100
98.7837,100,100
98.7826,100,100
98.7815,100,100
98.7804,100,100
98.7793,100,100
98.7782,100,100
98.777,100,100
98.7759,100,100
98.7748,100,100
98.7737,100,100
98.7726,100,100
98.7715,100,100
98.7704,100,100
98.7693,100,100
98.7682,100,100
98.767,100,100
98.7659,100,100
98.7648,100,100
98.7637,100,100
98.7626,100,100
98.7615,100,100
98.7604,100,100
98.7593,100,100
98.7582,100,100
98.7571,100,100
98.7559,100,100
98.7548,100,100
98.7537,100,100
98.7526,100,100
98.7514,100,100
98.7503,100,100
98.7492,100,100
98.7481,100,100
98.747,100,100
98.7458,100,100
98.7447,100,100
98.7436,100,100
98.7425,100,100
98.7413,100,100
98.7402,100,100
98.7391,100,100
98.738,100,100
98.7369,100,100
98.7357,100,100
98.7346,100,100
98.7335,100,100
98.7324,100,100
98.7313,100,100
98.7301,100,100
98.729,100,100
98.7279,100,100
98.7268,100,100
98.7256,100,100
98.7245,100,100
98.7234,100,100
98.7223,100,100
98.7212,100,100
98.72,100,100
98.7189,100,100
98.7178,100,100
98.7167,100,100
98.7155,100,100
98.7144,100,100
98.7133,100,100
98.7122,100,100
98.7111,100,100
98.7099,100,100
98.7088,100,100
98.7077,100,100
98.7066,100,100
98.7055,100,100
98.7043,100,100
98.7032,100,100
98.7021,100,100
98.701,100,100
98.6998,100,100
98.6987,100,100
98.6976,100,100
98.6965,100,100
98.6954,100,100
98.6942,100,100
98.6931,100,100
98.692,100,100
98.6909,100,100
98.6897,100,100
98.6886,100,100
98.6875,100,100
98.6864,100,100
98.6853,100,100
98.6841,100,100
98.683,100,100
98.6819,100,100
98.6808,100,100
98.6797,100,100
98.6785,100,100
98.6774,100,100
98.6763,100,100
98.6752,100,100
98.674,100,100
98.6729,100,100
98.6718,100,100
98.6707,100,100
98.6696,100,100
98.6684,100,100
98.6673,100,100
98.6662,100,100
98.6651,100,100
98.6639,100,100
98.6628,100,100
98.6617,100,100
98.6606,100,100
98.6595,100,100
98.6583,100,100
98.6572,100,100
98.6561,100,100
98.655,100,100
98.6539,100,100
98.6527,100,100
98.6516,100,100
98.6505,100,100
98.6494,100,100
98.6482,100,100
98.6471,100,100
98.646,100,100
98.6449,100,100
98.6437,100,100
98.6426,100,100
98.6415,100,100
98.6404,100,100
98.6392,100,100
98.6381,100,100
98.637,100,100
98.6358,100,100
98.6347,100,100
98.6336,100,100
98.6324,100,100
98.6313,100,100
98.6302,100,100
98.629,100,100
98.6279,100,100
98.6268,100,100
98.6256,100,100
98.6245,100,100
98.6234,100,100
98.6222,100,100
98.6211,100,100
98.62,100,100
98.6188,100,100
98.6177,100,100
98.6166,100,100
98.6155,100,100
98.6143,100,100
98.6132,100,100
98.6121,100,100
98.6109,100,100
98.6098,100,100
98.6087,100,100
98.6075,100,100
98.6064,100,100
98.6053,100,100
98.6041,100,100
98.603,100,100
98.6019,100,100
98.6007,100,100
98.5996,100,100
98.5985,100,100
98.5973,100,100
98.5962,100,100
98.5951,100,100
98.5939,100,100
98.5928,100,100
98.5917,100,100
98.5905,100,100
98.5894,100,100
98.5883,100,100
98.5872,100,100
98.586,100,100
98.5849,100,100
98.5838,100,100
98.5826,100,100
98.5815,100,100
98.5804,100,100
98.5792,100,100
98.5781,100,100
98.577,100,100
98.5758,100,100
98.5747,100,100
98.5736,100,100
98.5724,100,100
98.5713,100,100
98.5702,100,100
98.569,100,100
98.5679,100,100
98.5668,100,100
98.5656,100,100
98.5645,100,100
98.5634,100,100
98.5623,100,100
98.5611,100,100
98.56,100,100
98.5589,100,100
98.5577,100,100
98.5566,100,100
98.5555,100,100
98.5543,100,100
98.5532,100,100
98.5521,100,100
98.5509,100,100
98.5498,100,100
98.5487,100,100
98.5475,100,100
98.5464,100,100
98.5453,100,100
98.5441,100,100
98.543,100,100
98.5419,100,100
98.5407,100,100
98.5396,100,100
98.5385,100,100
98.5373,100,100
98.5362,100,100
98.5351,100,100
98.534,100,100
98.5328,100,100
98.5317,100,100
98.5305,100,100
98.5294,100,100
98.5283,100,100
98.5271,100,100
98.526,100,100
98.5248,100,100
98.5237,100,100
98.5226,100,100
98.5214,100,100
98.5203,100,100
98.5191,100,100
98.518,100,100
98.5169,100,100
98.5157,100,100
98.5146,100,100
98.5134,100,100
98.5123,100,100
98.5112,100,100
98.51,100,100
98.5089,100,100
98.5077,100,100
98.5066,100,100
98.5055,100,100
98.5043,100,100
98.5032,100,100
98.502,100,100
98.5009,100,100
98.4997,100,100
98.4986,100,100
98.4975,100,100
98.4963,100,100
98.4952,100,100
98.494,100,100
98.4929,100,100
98.4918,100,100
98.4906,100,100
98.4895,100,100
98.4883,100,100
98.4872,100,100
98.4861,100,100
98.4849,100,100
98.4838,100,100
98.4826,100,100
98.4815,100,100
98.4804,100,100
98.4792,100,100
98.4781,100,100
98.4769,100,100
98.4758,100,100
98.4747,100,100
98.4735,100,100
98.4724,100,100
98.4712,100,100
98.4701,100,100
98.4689,100,100
98.4678,100,100
98.4667,100,100
98.4655,100,100
98.4644,100,100
98.4632,100,100
98.4621,100,100
98.461,100,100
98.4598,100,100
98.4587,100,100
98.4575,100,100
98.4564,100,100
98.4553,100,100
98.4541,100,100
98.453,100,100
98.4518,100,100
98.4507,100,100
98.4496,100,100
98.4484,100,100
98.4473,100,100
98.4461,100,100
98.445,100,100
98.4439,100,100
98.4427,100,100
98.4416,100,100
98.4404,100,100
98.4393,100,100
98.4381,100,100
98.437,100,100
98.4359,100,100
98.4347,100,100
98.4336,100,100
98.4324,100,100
98.4313,100,100
98.4302,100,100
98.429,100,100
98.4279,100,100
98.4267,100,100
98.4256,100,100
98.4245,100,100
98.4233,100,100
98.4222,100,100
98.421,100,100
98.4199,100,100
98.4188,100,100
98.4176,100,100
98.4165,100,100
98.4153,100,100
98.4142,100,100
98.413,100,100
98.4119,100,100
98.4107,100,100
98.4096,100,100
98.4085,100,100
98.4073,100,100
98.4062,100,100
98.405,100,100
98.4039,100,100
98.4027,100,100
98.4016,100,100
98.4004,100,100
98.3993,100,100
98.3982,100,100
98.397,100,100
98.3959,100,100
98.3947,100,100
98.3936,100,100
98.3924,100,100
98.3913,100,100
98.3901,100,100
98.389,100,100
98.3879,100,100
98.3867,100,100
98.3856,100,100
98.3844,100,100
98.3833,100,100
98.3821,100,100
98.381,100,100
98.3798,100,100
98.3787,100,100
98.3775,100,100
98.3764,100,100
98.3753,100,100
98.3741,100,100
98.373,100,100
98.3718,100,100
98.3707,100,100
98.3695,100,100
98.3684,100,100
98.3672,100,100
98.3661,100,100
98.365,100,100
98.3638,100,100
98.3627,100,100
98.3615,100,100
98.3604,100,100
98.3592,100,100
98.3581,100,100
98.3569,100,100
98.3558,100,100
98.3547,100,100
98.3535,100,100
98.3524,100,100
98.3512,100,100
98.3501,100,100
98.3489,100,100
98.3478,100,100
98.3466,100,100
98.3455,100,100
98.3444,100,100
98.3432,100,100
98.3421,100,100
98.3409,100,100
98.3398,100,100
98.3386,100,100
98.3375,100,100
98.3363,100,100
98.3352,100,100
98.3341,100,100
98.3329,100,100
98.3318,100,100
98.3306,100,100
98.3295,100,100
98.3283,100,100
98.3272,100,100
98.326,100,100
98.3249,100,100
98.3237,100,100
98.3226,100,100
98.3215,100,100
98.3203,100,100
98.3192,100,100
98.318,100,100
98.3169,100,100
98.3157,100,100
98.3146,100,100
98.3134,100,100
98.3123,100,100
98.3112,100,100
98.31,100,100
98.3089,100,100
98.3077,100,100
98.3066,100,100
98.3054,100,100
98.3043,100,100
98.3031,100,100
98.302,100,100
98.3008,100,100
98.2997,100,100
98.2985,100,100
98.2974,100,100
98.2962,100,100
98.2951,100,100
98.2939,100,100
98.2928,100,100
98.2916,100,100
98.2905,100,100
98.2893,100,100
98.2882,100,100
98.287,100,100
98.2859,100,100
98.2847,100,100
98.2836,100,100
98.2824,100,100
98.2813,100,100
98.2802,100,100
98.279,100,100
98.2779,100,100
98.2767,100,100
98.2756,100,100
98.2744,100,100
98.2733,100,100
98.2721,100,100
98.271,100,100
98.2698,100,100
98.2687,100,100
98.2675,100,100
98.2664,100,100
98.2652,100,100
98.2641,100,100
98.2629,100,100
98.2618,100,100
98.2606,100,100
98.2595,100,100
98.2583,100,100
98.2572,100,100
98.256,100,100
98.2549,100,100
98.2537,100,100
98.2526,100,100
98.2514,100,100
98.2503,100,100
98.2491,100,100
98.248,100,100
98.2468,100,100
98.2457,100,100
98.2445,100,100
98.2434,100,100
98.2422,100,100
98.2411,100,100
98.2399,100,100
98.2388,100,100
98.2376,100,100
98.2365,100,100
98.2353,100,100
98.2342,100,100
98.233,100,100
98.2319,100,100
98.2307,100,100
98.2296,100,100
98.2284,100,100
98.2273,100,100
98.2261,100,100
98.225,100,100
98.2238,100,100
98.2227,100,100
98.2215,100,100
98.2204,100,100
98.2192,100,100
98.2181,100,100
98.2169,100,100
98.2158,100,100
98.2146,100,100
98.2135,100,100
98.2123,100,100
98.2112,100,100
98.21,100,100
98.2089,100,100
98.2077,100,100
98.2066,100,100
98.2054,100,100
98.2043,100,100
98.2031,100,100
98.202,100,100
98.2008,100,100
98.1997,100,100
98.1985,100,100
98.1974,100,100
98.1962,100,100
98.1951,100,100
98.1939,100,100
98.1928,100,100
98.1916,100,100
98.1905,100,100
98.1893,100,100
98.1882,100,100
98.187,100,100
98.1859,100,100
98.1847,100,100
98.1836,100,100
98.1824,100,100
98.1813,100,100
98.1801,100,100
98.1789,100,100
98.1778,100,100
98.1766,100,100
98.1755,100,100
98.1743,100,100
98.1732,100,100
98.172,100,100
98.1709,100,100
98.1697,100,100
98.1686,100,100
98.1674,100,100
98.1662,100,100
98.1651,100,100
98.1639,100,100
98.1628,100,100
98.1616,100,100
98.1605,100,100
98.1593,100,100
98.1582,100,100
98.157,100,100
98.1559,100,100
98.1547,100,100
98.1536,100,100
98.1524,100,100
98.1512,100,100
98.1501,100,100
98.1489,100,100
98.1478,100,100
98.1466,100,100
98.1455,100,100
98.1443,100,100
98.1432,100,100
98.142,100,100
98.1409,100,100
98.1397,100,100
98.1385,100,100
98.1374,100,100
98.1362,100,100
98.1351,100,100
98.1339,100,100
98.1328,100,100
98.1316,100,100
98.1305,100,100
98.1293,100,100
98.1282,100,100
98.127,100,100
98.1258,100,100
98.1247,100,100
98.1235,100,100
98.1224,100,100
98.1212,100,100
98.1201,100,100
98.1189,100,100
98.1178,100,100
98.1166,100,100
98.1155,100,100
98.1143,100,100
98.1132,100,100
98.112,100,100
98.1108,100,100
98.1097,100,100
98.1085,100,100
98.1074,100,100
98.1062,100,100
98.1051,100,100
98.1039,100,100
98.1028,100,100
98.1016,100,100
98.1005,100,100
98.0993,100,100
98.0981,100,100
98.097,100,100
98.0958,100,100
98.0947,100,100
98.0935,100,100
98.0924,100,100
98.0912,100,100
98.0901,100,100
98.0889,100,100
98.0878,100,100
98.0866,100,100
98.0855,100,100
98.0843,100,100
98.0831,100,100
98.082,100,100
98.0808,100,100
98.0797,100,100
98.0785,100,100
98.0774,100,100
98.0762,100,100
98.0751,100,100
98.0739,100,100
98.0728,100,100
98.0716,100,100
98.0704,100,100
98.0693,100,100
98.0681,100,100
98.067,100,100
98.0658,100,100
98.0647,100,100
98.0635,100,100
98.0624,100,100
98.0612,100,100
98.0601,100,100
98.0589,100,100
98.0577,100,100
98.0566,100,100
98.0554,100,100
98.0543,100,100
98.0531,100,100
98.052,100,100
98.0508,100,100
98.0497,100,100
98.0485,100,100
98.0474,100,100
98.0462,100,100
98.0451,100,100
98.0439,100,100
98.0427,100,100
98.0416,100,100
98.0404,100,100
98.0393,100,100
98.0381,100,100
98.037,100,100
98.0358,100,100
98.0347,100,100
98.0335,100,100
98.0324,100,100
98.0312,100,100
98.03,100,100
98.0289,100,100
98.0277,100,100
98.0266,100,100
98.0254,100,100
98.0243,100,100
98.0231,100,100
98.022,100,100
98.0208,100,100
98.0197,100,100
98.0185,100,100
98.0173,100,100
98.0162,100,100
98.015,100,100
98.0139,100,100
98.0127,100,100
98.0116,100,100
98.0104,100,100
98.0093,100,100
98.0081,100,100
98.007,100,100
98.0058,100,100
98.0047,100,100
98.0035,100,100
98.0023,100,100
98.0012,100,100
98,100,100
97.9989,100,100
97.9977,100,100
97.9966,100,100
97.9954,100,100
97.9943,100,100
97.9931,100,100
97.992,100,100
97.9908,100,100
97.9896,100,100
97.9885,100,100
97.9873,100,100
97.9862,100,100
97.985,100,100
97.9839,100,100
97.9827,100,100
97.9816,100,100
97.9804,100,100
97.9793,100,100
97.9781,100,100
97.977,100,100
97.9758,100,100
97.9746,100,100
97.9735,100,100
97.9723,100,100
97.9712,100,100
97.97,100,100
97.9689,100,100
97.9677,100,100
97.9666,100,100
97.9654,100,100
97.9643,100,100
97.9631,100,100
97.9619,100,100
97.9608,100,100
97.9596,100,100
97.9585,100,100
97.9573,100,100
97.9562,100,100
97.955,100,100
97.9539,100,100
97.9527,100,100
97.9515,100,100
97.9504,100,100
97.9492,100,100
97.9481,100,100
97.9469,100,100
97.9458,100,100
97.9446,100,100
97.9434,100,100
97.9423,100,100
97.9411,100,100
97.94,100,100
97.9388,100,100
97.9377,100,100
97.9365,100,100
97.9354,100,100
97.9342,100,100
97.933,100,100
97.9319,100,100
97.9307,100,100
97.9296,100,100
97.9284,100,100
97.9273,100,100
97.9261,100,100
97.9249,100,100
97.9238,100,100
97.9226,100,100
97.9215,100,100
97.9203,100,100
97.9192,100,100
97.918,100,100
97.9168,100,100
97.9157,100,100
97.9145,100,100
97.9134,100,100
97.9122,100,100
97.9111,100,100
97.9099,100,100
97.9087,100,100
97.9076,100,100
97.9064,100,100
97.9053,100,100
97.9041,100,100
97.903,100,100
97.9018,100,100
97.9006,100,100
97.8995,100,100
97.8983,100,100
97.8972,100,100
97.896,100,100
97.8949,100,100
97.8937,100,100
97.8925,100,100
97.8914,100,100
97.8902,100,100
97.8891,100,100
97.8879,100,100
97.8868,100,100
97.8856,100,100
97.8845,100,100
97.8833,100,100
97.8821,100,100
97.881,100,100
97.8798,100,100
97.8787,100,100
97.8775,100,100
97.8764,100,100
97.8752,100,100
97.874,100,100
97.8729,100,100
97.8717,100,100
97.8706,100,100
97.8694,100,100
97.8683,100,100
97.8671,100,100
97.8659,100,100
97.8648,100,100
97.8636,100,100
97.8625,100,100
97.8613,100,100
97.8602,100,100
97.859,100,100
97.8578,100,100
97.8567,100,100
97.8555,100,100
97.8544,100,100
97.8532,100,100
97.8521,100,100
97.8509,100,100
97.8497,100,100
97.8486,100,100
97.8474,100,100
97.8463,100,100
97.8451,100,100
97.844,100,100
97.8428,100,100
97.8417,100,100
97.8405,100,100
97.8393,100,100
97.8382,100,100
97.837,100,100
97.8359,100,100
97.8347,100,100
97.8335,100,100
97.8324,100,100
97.8312,100,100
97.8301,100,100
97.8289,100,100
97.8277,100,100
97.8266,100,100
97.8254,100,100
97.8243,100,100
97.8231,100,100
97.8219,100,100
97.8208,100,100
97.8196,100,100
97.8185,100,100
97.8173,100,100
97.8161,100,100
97.815,100,100
97.8138,100,100
97.8127,100,100
97.8115,100,100
97.8103,100,100
97.8092,100,100
97.808,100,100
97.8069,100,100
97.8057,100,100
97.8045,100,100
97.8034,100,100
97.8022,100,100
97.8011,100,100
97.7999,100,100
97.7987,100,100
97.7976,100,100
97.7964,100,100
97.7953,100,100
97.7941,100,100
97.793,100,100
97.7918,100,100
97.7906,100,100
97.7895,100,100
97.7883,100,100
97.7872,100,100
97.786,100,100
97.7848,100,100
97.7837,100,100
97.7825,100,100
97.7814,100,100
97.7802,100,100
97.779,100,100
97.7779,100,100
97.7767,100,100
97.7756,100,100
97.7744,100,100
97.7732,100,100
97.7721,100,100
97.7709,100,100
97.7698,100,100
97.7686,100,100
97.7674,100,100
97.7663,100,100
97.7651,100,100
97.764,100,100
97.7628,100,100
97.7616,100,100
97.7605,100,100
97.7593,100,100
97.7582,100,100
97.757,100,100
97.7558,100,100
97.7547,100,100
97.7535,100,100
97.7524,100,100
97.7512,100,100
97.75,100,100
97.7489,100,100
97.7477,100,100
97.7466,100,100
97.7454,100,100
97.7443,100,100
97.7431,100,100
97.7419,100,100
97.7408,100,100
97.7396,100,100
97.7385,100,100
97.7373,100,100
97.7361,100,100
97.735,100,100
97.7338,100,100
97.7327,100,100
97.7315,100,100
97.7303,100,100
97.7292,100,100
97.728,100,100
97.7269,100,100
97.7257,100,100
97.7245,100,100
97.7234,100,100
97.7222,100,100
97.7211,100,100
97.7199,100,100
97.7187,100,100
97.7176,100,100
97.7164,100,100
97.7153,100,100
97.7141,100,100
97.7129,100,100
97.7118,100,100
97.7106,100,100
97.7095,100,100
97.7083,100,100
97.7071,100,100
97.706,100,100
97.7048,100,100
97.7037,100,100
97.7025,100,100
97.7014,100,100
97.7002,100,100
97.699,100,100
97.6979,100,100
97.6967,100,100
97.6956,100,100
97.6944,100,100
97.6932,100,100
97.6921,100,100
97.6909,100,100
97.6898,100,100
97.6886,100,100
97.6874,100,100
97.6863,100,100
97.6851,100,100
97.684,100,100
97.6828,100,100
97.6816,100,100
97.6805,100,100
97.6793,100,100
97.6782,100,100
97.677,100,100
97.6758,100,100
97.6747,100,100
97.6735,100,100
97.6724,100,100
97.6712,100,100
97.67,100,100
97.6689,100,100
97.6677,100,100
97.6666,100,100
97.6654,100,100
97.6642,100,100
97.6631,100,100
97.6619,100,100
97.6608,100,100
97.6596,100,100
97.6584,100,100
97.6573,100,100
97.6561,100,100
97.655,100,100
97.6538,100,100
97.6527,100,100
97.6515,100,100
97.6503,100,100
97.6492,100,100
97.648,100,100
97.6469,100,100
97.6457,100,100
97.6445,100,100
97.6434,100,100
97.6422,100,100
97.6411,100,100
97.6399,100,100
97.6387,100,100
97.6376,100,100
97.6364,100,100
97.6353,100,100
97.6341,100,100
97.6329,100,100
97.6318,100,100
97.6306,100,100
97.6295,100,100
97.6283,100,100
97.6271,100,100
97.626,100,100
97.6248,100,100
97.6237,100,100
97.6225,100,100
97.6213,100,100
97.6202,100,100
97.619,100,100
97.6179,100,100
97.6167,100,100
97.6155,100,100
97.6144,100,100
97.6132,100,100
97.6121,100,100
97.6109,100,100
97.6097,100,100
97.6086,100,100
97.6074,100,100
97.6063,100,100
97.6051,100,100
97.604,100,100
97.6028,100,100
97.6016,100,100
97.6005,100,100
97.5993,100,100
97.5982,100,100
97.597,100,100
97.5958,100,100
97.5947,100,100
97.5935,100,100
97.5924,100,100
97.5912,100,100
97.59,100,100
97.5889,100,100
97.5877,100,100
97.5866,100,100
97.5854,100,100
97.5842,100,100
97.5831,100,100
97.5819,100,100
97.5808,100,100
97.5796,100,100
97.5784,100,100
97.5773,100,100
97.5761,100,100
97.575,100,100
97.5738,100,100
97.5726,100,100
97.5715,100,100
97.5703,100,100
97.5692,100,100
97.568,100,100
97.5668,100,100
97.5657,100,100
97.5645,100,100
97.5634,100,100
97.5622,100,100
97.561,100,100
97.5599,100,100
97.5587,100,100
97.5576,100,100
97.5564,100,100
97.5553,100,100
97.5541,100,100
97.5529,100,100
97.5518,100,100
97.5506,100,100
97.5495,100,100
97.5483,100,100
97.5471,100,100
97.546,100,100
97.5448,100,100
97.5437,100,100
97.5425,100,100
97.5413,100,100
97.5402,100,100
97.539,100,100
97.5379,100,100
97.5367,100,100
97.5355,100,100
97.5344,100,100
97.5332,100,100
97.5321,100,100
97.5309,100,100
97.5297,100,100
97.5286,100,100
97.5274,100,100
97.5263,100,100
97.5251,100,100
97.5239,100,100
97.5228,100,100
97.5216,100,100
97.5205,100,100
97.5193,100,100
97.5181,100,100
97.517,100,100
97.5158,100,100
97.5147,100,100
97.5135,100,100
97.5123,100,100
97.5112,100,100
97.51,100,100
97.5089,100,100
97.5077,100,100
97.5066,100,100
97.5054,100,100
97.5042,100,100
97.5031,100,100
97.5019,100,100
97.5008,100,100
97.4996,100,100
97.4984,100,100
97.4973,100,100
97.4961,100,100
97.495,100,100
97.4938,100,100
97.4926,100,100
97.4915,100,100
97.4903,100,100
97.4892,100,100
97.488,100,100
97.4868,100,100
97.4857,100,100
97.4845,100,100
97.4834,100,100
97.4822,100,100
97.481,100,100
97.4799,100,100
97.4787,100,100
97.4776,100,100
97.4764,100,100
97.4752,100,100
97.4741,100,100
97.4729,100,100
97.4718,100,100
97.4706,100,100
97.4694,100,100
97.4683,100,100
97.4671,100,100
97.466,100,100
97.4648,100,100
97.4637,100,100
97.4625,100,100
97.4613,100,100
97.4602,100,100
97.459,100,100
97.4579,100,100
97.4567,100,100
97.4555,100,100
97.4544,100,100
97.4532,100,100
97.4521,100,100
97.4509,100,100
97.4497,100,100
97.4486,100,100
97.4474,100,100
97.4463,100,100
97.4451,100,100
97.4439,100,100
97.4428,100,100
97.4416,100,100
97.4405,100,100
97.4393,100,100
97.4381,100,100
97.437,100,100
97.4358,100,100
97.4347,100,100
97.4335,100,100
97.4323,100,100
97.4312,100,100
97.43,100,100
97.4289,100,100
97.4277,100,100
97.4265,100,100
97.4254,100,100
97.4242,100,100
97.4231,100,100
97.4219,100,100
97.4207,100,100
97.4196,100,100
97.4184,100,100
97.4173,100,100
97.4161,100,100
97.415,100,100
97.4138,100,100
97.4126,100,100
97.4115,100,100
97.4103,100,100
97.4092,100,100
97.408,100,100
97.4068,100,100
97.4057,100,100
97.4045,100,100
97.4034,100,100
97.4022,100,100
97.401,100,100
97.3999,100,100
97.3987,100,100
97.3976,100,100
97.3964,100,100
97.3952,100,100
97.3941,100,100
97.3929,100,100
97.3918,100,100
97.3906,100,100
97.3894,100,100
97.3883,100,100
97.3871,100,100
97.386,100,100
97.3848,100,100
97.3836,100,100
97.3825,100,100
97.3813,100,100
97.3802,100,100
97.379,100,100
97.3778,100,100
97.3767,100,100
97.3755,100,100
97.3744,100,100
97.3732,100,100
97.372,100,100
97.3709,100,100
97.3697,100,100
97.3686,100,100
97.3674,100,100
97.3663,100,100
97.3651,100,100
97.3639,100,100
97.3628,100,100
97.3616,100,100
97.3605,100,100
97.3593,100,100
97.3581,100,100
97.357,100,100
97.3558,100,100
97.3547,100,100
97.3535,100,100
97.3523,100,100
97.3512,100,100
97.35,100,100
97.3489,100,100
97.3477,100,100
97.3465,100,100
97.3454,100,100
97.3442,100,100
97.3431,100,100
97.3419,100,100
97.3407,100,100
97.3396,100,100
97.3384,100,100
97.3373,100,100
97.3361,100,100
97.3349,100,100
97.3338,100,100
97.3326,100,100
97.3315,100,100
97.3303,100,100
97.3291,100,100
97.328,100,100
97.3268,100,100
97.3257,100,100
97.3245,100,100
97.3233,100,100
97.3222,100,100
97.321,100,100
97.3199,100,100
97.3187,100,100
97.3176,100,100
97.3164,100,100
97.3152,100,100
97.3141,100,100
97.3129,100,100
97.3118,100,100
97.3106,100,100
97.3094,100,100
97.3083,100,100
97.3071,100,100
97.306,100,100
97.3048,100,100
97.3036,100,100
97.3025,100,100
97.3013,100,100
97.3002,100,100
97.299,100,100
97.2978,100,100
97.2967,100,100
97.2955,100,100
97.2944,100,100
97.2932,100,100
97.292,100,100
97.2909,100,100
97.2897,100,100
97.2886,100,100
97.2874,100,100
97.2862,100,100
97.2851,100,100
97.2839,100,100
97.2828,100,100
97.2816,100,100
97.2804,100,100
97.2793,100,100
97.2781,100,100
97.277,100,100
97.2758,100,100
97.2746,100,100
97.2735,100,100
97.2723,100,100
97.2712,100,100
97.27,100,100
97.2689,100,100
97.2677,100,100
97.2665,100,100
97.2654,100,100
97.2642,100,100
97.2631,100,100
97.2619,100,100
97.2607,100,100
97.2596,100,100
97.2584,100,100
97.2573,100,100
97.2561,100,100
97.2549,100,100
97.2538,100,100
97.2526,100,100
97.2515,100,100
97.2503,100,100
97.2491,100,100
97.248,100,100
97.2468,100,100
97.2457,100,100
97.2445,100,100
97.2433,100,100
97.2422,100,100
97.241,100,100
97.2399,100,100
97.2387,100,100
97.2375,100,100
97.2364,100,100
97.2352,100,100
97.2341,100,100
97.2329,100,100
97.2317,100,100
97.2306,100,100
97.2294,100,100
97.2283,100,100
97.2271,100,100
97.2259,100,100
97.2248,100,100
97.2236,100,100
97.2225,100,100
97.2213,100,100
97.2202,100,100
97.219,100,100
97.2178,100,100
97.2167,100,100
97.2155,100,100
97.2144,100,100
97.2132,100,100
97.212,100,100
97.2109,100,100
97.2097,100,100
97.2086,100,100
97.2074,100,100
97.2062,100,100
97.2051,100,100
97.2039,100,100
97.2028,100,100
97.2016,100,100
97.2004,100,100
97.1993,100,100
97.1981,100,100
97.197,100,100
97.1958,100,100
97.1946,100,100
97.1935,100,100
97.1923,100,100
97.1912,100,100
97.19,100,100
97.1888,100,100
97.1877,100,100
97.1865,100,100
97.1854,100,100
97.1842,100,100
97.183,100,100
97.1819,100,100
97.1807,100,100
97.1796,100,100
97.1784,100,100
97.1773,100,100
97.1761,100,100
97.1749,100,100
97.1738,100,100
97.1726,100,100
97.1715,100,100
97.1703,100,100
97.1691,100,100
97.168,100,100
97.1668,100,100
97.1657,100,100
97.1645,100,100
97.1633,100,100
97.1622,100,100
97.161,100,100
97.1599,100,100
97.1587,100,100
97.1575,100,100
97.1564,100,100
97.1552,100,100
97.1541,100,100
97.1529,100,100
97.1517,100,100
97.1506,100,100
97.1494,100,100
97.1483,100,100
97.1471,100,100
97.1459,100,100
97.1448,100,100
97.1436,100,100
97.1425,100,100
97.1413,100,100
97.1401,100,100
97.139,100,100
97.1378,100,100
97.1367,100,100
97.1355,100,100
97.1343,100,100
97.1332,100,100
97.132,100,100
97.1309,100,100
97.1297,100,100
97.1285,100,100
97.1274,100,100
97.1262,100,100
97.1251,100,100
97.1239,100,100
97.1228,100,100
97.1216,100,100
97.1204,100,100
97.1193,100,100
97.1181,100,100
97.117,100,100
97.1158,100,100
97.1146,100,100
97.1135,100,100
97.1123,100,100
97.1112,100,100
97.11,100,100
97.1088,100,100
97.1077,100,100
97.1065,100,100
97.1054,100,100
97.1042,100,100
97.103,100,100
97.1019,100,100
97.1007,100,100
97.0996,100,100
97.0984,100,100
97.0972,100,100
97.0961,100,100
97.0949,100,100
97.0938,100,100
97.0926,100,100
97.0914,100,100
97.0903,100,100
97.0891,100,100
97.088,100,100
97.0868,100,100
97.0856,100,100
97.0845,100,100
97.0833,100,100
97.0822,100,100
97.081,100,100
97.0798,100,100
97.0787,100,100
97.0775,100,100
97.0764,100,100
97.0752,100,100
97.074,100,100
97.0729,100,100
97.0717,100,100
97.0706,100,100
97.0694,100,100
97.0682,100,100
97.0671,100,100
97.0659,100,100
97.0648,100,100
97.0636,100,100
97.0625,100,100
97.0613,100,100
97.0601,100,100
97.059,100,100
97.0578,100,100
97.0567,100,100
97.0555,100,100
97.0543,100,100
97.0532,100,100
97.052,100,100
97.0509,100,100
97.0497,100,100
97.0485,100,100
97.0474,100,100
97.0462,100,100
97.0451,100,100
97.0439,100,100
97.0427,100,100
97.0416,100,100
97.0404,100,100
97.0393,100,100
97.0381,100,100
97.0369,100,100
97.0358,100,100
97.0346,100,100
97.0335,100,100
97.0323,100,100
97.0311,100,100
97.03,100,100
97.0288,100,100
97.0277,100,100
97.0265,100,100
97.0253,100,100
97.0242,100,100
97.023,100,100
97.0218,100,100
97.0207,100,100
97.0195,100,100
97.0183,100,100
97.0172,100,100
97.016,100,100
97.0148,100,100
97.0137,100,100
97.0125,100,100
97.0113,100,100
97.0102,100,100
97.009,100,100
97.0079,100,100
97.0067,100,100
97.0055,100,100
97.0044,100,100
97.0032,100,100
97.002,100,100
97.0009,100,100
96.9997,100,100
96.9985,100,100
96.9974,100,100
96.9962,100,100
96.995,100,100
96.9939,100,100
96.9927,100,100
96.9915,100,100
96.9904,100,100
96.9892,100,100
96.9881,100,100
96.9869,100,100
96.9857,100,100
96.9846,100,100
96.9834,100,100
96.9822,100,100
96.9811,100,100
96.9799,100,100
96.9787,100,100
96.9776,100,100
96.9764,100,100
96.9752,100,100
96.9741,100,100
96.9729,100,100
96.9717,100,100
96.9706,100,100
96.9694,100,100
96.9683,100,100
96.9671,100,100
96.9659,100,100
96.9648,100,100
96.9636,100,100
96.9624,100,100
96.9613,100,100
96.9601,100,100
96.9589,100,100
96.9578,100,100
96.9566,100,100
96.9554,100,100
96.9543,100,100
96.9531,100,100
96.9519,100,100
96.9508,100,100
96.9496,100,100
96.9485,100,100
96.9473,100,100
96.9461,100,100
96.945,100,100
96.9438,100,100
96.9426,100,100
96.9415,100,100
96.9403,100,100
96.9391,100,100
96.938,100,100
96.9368,100,100
96.9356,100,100
96.9345,100,100
96.9333,100,100
96.9321,100,100
96.931,100,100
96.9298,100,100
96.9287,100,100
96.9275,100,100
96.9263,100,100
96.9252,100,100
96.924,100,100
96.9228,100,100
96.9217,100,100
96.9205,100,100
96.9193,100,100
96.9182,100,100
96.917,100,100
96.9158,100,100
96.9147,100,100
96.9135,100,100
96.9124,100,100
96.9112,100,100
96.91,100,100
96.9089,100,100
96.9077,100,100
96.9065,100,100
96.9054,100,100
96.9042,100,100
96.903,100,100
96.9019,100,100
96.9007,100,100
96.8995,100,100
96.8984,100,100
96.8972,100,100
96.896,100,100
96.8949,100,100
96.8937,100,100
96.8926,100,100
96.8914,100,100
96.8902,100,100
96.8891,100,100
96.8879,100,100
96.8867,100,100
96.8856,100,100
96.8844,100,100
96.8832,100,100
96.8821,100,100
96.8809,100,100
96.8797,100,100
96.8786,100,100
96.8774,100,100
96.8762,100,100
96.8751,100,100
96.8739,100,100
96.8728,100,100
96.8716,100,100
96.8704,100,100
96.8693,100,100
96.8681,100,100
96.8669,100,100
96.8658,100,100
96.8646,100,100
96.8634,100,100
96.8623,100,100
96.8611,100,100
96.8599,100,100
96.8588,100,100
96.8576,100,100
96.8564,100,100
96.8553,100,100
96.8541,100,100
96.853,100,100
96.8518,100,100
96.8506,100,100
96.8495,100,100
96.8483,100,100
96.8471,100,100
96.846,100,100
96.8448,100,100
96.8436,100,100
96.8425,100,100
96.8413,100,100
96.8401,100,100
96.839,100,100
96.8378,100,100
96.8366,100,100
96.8355,100,100
96.8343,100,100
96.8332,100,100
96.832,100,100
96.8308,100,100
96.8297,100,100
96.8285,100,100
96.8273,100,100
96.8262,100,100
96.825,100,100
96.8238,100,100
96.8227,100,100
96.8215,100,100
96.8203,100,100
96.8192,100,100
96.818,100,100
96.8168,100,100
96.8157,100,100
96.8145,100,100
96.8134,100,100
96.8122,100,100
96.811,100,100
96.8099,100,100
96.8087,100,100
96.8075,100,100
96.8064,100,100
96.8052,100,100
96.804,100,100
96.8029,100,100
96.8017,100,100
96.8005,100,100
96.7994,100,100
96.7982,100,100
96.797,100,100
96.7959,100,100
96.7947,100,100
96.7935,100,100
96.7924,100,100
96.7912,100,100
96.79,100,100
96.7889,100,100
96.7877,100,100
96.7865,100,100
96.7854,100,100
96.7842,100,100
96.783,100,100
96.7819,100,100
96.7807,100,100
96.7795,100,100
96.7784,100,100
96.7772,100,100
96.776,100,100
96.7748,100,100
96.7737,100,100
96.7725,100,100
96.7713,100,100
96.7702,100,100
96.769,100,100
96.7678,100,100
96.7667,100,100
96.7655,100,100
96.7643,100,100
96.7632,100,100
96.762,100,100
96.7608,100,100
96.7597,100,100
96.7585,100,100
96.7573,100,100
96.7561,100,100
96.755,100,100
96.7538,100,100
96.7526,100,100
96.7515,100,100
96.7503,100,100
96.7491,100,100
96.748,100,100
96.7468,100,100
96.7456,100,100
96.7445,100,100
96.7433,100,100
96.7421,100,100
96.741,100,100
96.7398,100,100
96.7386,100,100
96.7375,100,100
96.7363,100,100
96.7351,100,100
96.7339,100,100
96.7328,100,100
96.7316,100,100
96.7304,100,100
96.7293,100,100
96.7281,100,100
96.7269,100,100
96.7258,100,100
96.7246,100,100
96.7234,100,100
96.7223,100,100
96.7211,100,100
96.7199,100,100
96.7188,100,100
96.7176,100,100
96.7164,100,100
96.7152,100,100
96.7141,100,100
96.7129,100,100
96.7117,100,100
96.7106,100,100
96.7094,100,100
96.7082,100,100
96.7071,100,100
96.7059,100,100
96.7047,100,100
96.7036,100,100
96.7024,100,100
96.7012,100,100
96.7001,100,100
96.6989,100,100
96.6977,100,100
96.6966,100,100
96.6954,100,100
96.6942,100,100
96.693,100,100
96.6919,100,100
96.6907,100,100
96.6895,100,100
96.6884,100,100
96.6872,100,100
96.686,100,100
96.6849,100,100
96.6837,100,100
96.6825,100,100
96.6814,100,100
96.6802,100,100
96.679,100,100
96.6779,100,100
96.6767,100,100
96.6755,100,100
96.6743,100,100
96.6732,100,100
96.672,100,100
96.6708,100,100
96.6697,100,100
96.6685,100,100
96.6673,100,100
96.6662,100,100
96.665,100,100
96.6638,100,100
96.6626,100,100
96.6615,100,100
96.6603,100,100
96.6591,100,100
96.658,100,100
96.6568,100,100
96.6556,100,100
96.6545,100,100
96.6533,100,100
96.6521,100,100
96.6509,100,100
96.6498,100,100
96.6486,100,100
96.6474,100,100
96.6463,100,100
96.6451,100,100
96.6439,100,100
96.6428,100,100
96.6416,100,100
96.6404,100,100
96.6393,100,100
96.6381,100,100
96.6369,100,100
96.6357,100,100
96.6346,100,100
96.6334,100,100
96.6322,100,100
96.6311,100,100
96.6299,100,100
96.6287,100,100
96.6276,100,100
96.6264,100,100
96.6252,100,100
96.624,100,100
96.6229,100,100
96.6217,100,100
96.6205,100,100
96.6194,100,100
96.6182,100,100
96.617,100,100
96.6159,100,100
96.6147,100,100
96.6135,100,100
96.6123,100,100
96.6112,100,100
96.61,100,100
96.6088,100,100
96.6077,100,100
96.6065,100,100
96.6053,100,100
96.6042,100,100
96.603,100,100
96.6018,100,100
96.6007,100,100
96.5995,100,100
96.5983,100,100
96.5971,100,100
96.596,100,100
96.5948,100,100
96.5936,100,100
96.5925,100,100
96.5913,100,100
96.5901,100,100
96.589,100,100
96.5878,100,100
96.5866,100,100
96.5854,100,100
96.5843,100,100
96.5831,100,100
96.5819,100,100
96.5808,100,100
96.5796,100,100
96.5784,100,100
96.5773,100,100
96.5761,100,100
96.5749,100,100
96.5738,100,100
96.5726,100,100
96.5714,100,100
96.5702,100,100
96.5691,100,100
96.5679,100,100
96.5667,100,100
96.5656,100,100
96.5644,100,100
96.5632,100,100
96.5621,100,100
96.5609,100,100
96.5597,100,100
96.5586,100,100
96.5574,100,100
96.5562,100,100
96.5551,100,100
96.5539,100,100
96.5527,100,100
96.5516,100,100
96.5504,100,100
96.5492,100,100
96.5481,100,100
96.5469,100,100
96.5458,100,100
96.5446,100,100
96.5434,100,100
96.5423,100,100
96.5411,100,100
96.5399,100,100
96.5388,100,100
96.5376,100,100
96.5364,100,100
96.5353,100,100
96.5341,100,100
96.5329,100,100
96.5318,100,100
96.5306,100,100
96.5294,100,100
96.5283,100,100
96.5271,100,100
96.526,100,100
96.5248,100,100
96.5236,100,100
96.5225,100,100
96.5213,100,100
96.5201,100,100
96.519,100,100
96.5178,100,100
96.5166,100,100
96.5155,100,100
96.5143,100,100
96.5131,100,100
96.512,100,100
96.5108,100,100
96.5097,100,100
96.5085,100,100
96.5073,100,100
96.5062,100,100
96.505,100,100
96.5038,100,100
96.5027,100,100
96.5015,100,100
96.5003,100,100
96.4992,100,100
96.498,100,100
96.4968,100,100
96.4957,100,100
96.4945,100,100
96.4933,100,100
96.4922,100,100
96.491,100,100
96.4899,100,100
96.4887,100,100
96.4875,100,100
96.4864,100,100
96.4852,100,100
96.484,100,100
96.4829,100,100
96.4817,100,100
96.4805,100,100
96.4794,100,100
96.4782,100,100
96.477,100,100
96.4759,100,100
96.4747,100,100
96.4735,100,100
96.4724,100,100
96.4712,100,100
96.4701,100,100
96.4689,100,100
96.4677,100,100
96.4666,100,100
96.4654,100,100
96.4642,100,100
96.4631,100,100
96.4619,100,100
96.4607,100,100
96.4596,100,100
96.4584,100,100
96.4572,100,100
96.4561,100,100
96.4549,100,100
96.4537,100,100
96.4526,100,100
96.4514,100,100
96.4503,100,100
96.4491,100,100
96.4479,100,100
96.4468,100,100
96.4456,100,100
96.4444,100,100
96.4433,100,100
96.4421,100,100
96.4409,100,100
96.4398,100,100
96.4386,100,100
96.4374,100,100
96.4363,100,100
96.4351,100,100
96.4339,100,100
96.4328,100,100
96.4316,100,100
96.4304,100,100
96.4293,100,100
96.4281,100,100
96.4269,100,100
96.4258,100,100
96.4246,100,100
96.4234,100,100
96.4223,100,100
96.4211,100,100
96.4199,100,100
96.4188,100,100
96.4176,100,100
96.4164,100,100
96.4153,100,100
96.4141,100,100
96.4129,100,100
96.4118,100,100
96.4106,100,100
96.4094,100,100
96.4083,100,100
96.4071,100,100
96.4059,100,100
96.4048,100,100
96.4036,100,100
96.4024,100,100
96.4013,100,100
96.4001,100,100
96.3989,100,100
96.3978,100,100
96.3966,100,100
96.3954,100,100
96.3943,100,100
96.3931,100,100
96.3919,100,100
96.3908,100,100
96.3896,100,100
96.3884,100,100
96.3873,100,100
96.3861,100,100
96.3849,100,100
96.3838,100,100
96.3826,100,100
96.3814,100,100
96.3803,100,100
96.3791,100,100
96.3779,100,100
96.3768,100,100
96.3756,100,100
96.3744,100,100
96.3733,100,100
96.3721,100,100
96.3709,100,100
96.3698,100,100
96.3686,100,100
96.3674,100,100
96.3663,100,100
96.3651,100,100
96.3639,100,100
96.3628,100,100
96.3616,100,100
96.3604,100,100
96.3593,100,100
96.3581,100,100
96.3569,100,100
96.3558,100,100
96.3546,100,100
96.3534,100,100
96.3523,100,100
96.3511,100,100
96.3499,100,100
96.3488,100,100
96.3476,100,100
96.3464,100,100
96.3453,100,100
96.3441,100,100
96.3429,100,100
96.3418,100,100
96.3406,100,100
96.3394,100,100
96.3383,100,100
96.3371,100,100
96.3359,100,100
96.3348,100,100
96.3336,100,100
96.3324,100,100
96.3313,100,100
96.3301,100,100
96.3289,100,100
96.3278,100,100
96.3266,100,100
96.3254,100,100
96.3243,100,100
96.3231,100,100
96.3219,100,100
96.3208,100,100
96.3196,100,100
96.3184,100,100
96.3173,100,100
96.3161,100,100
96.3149,100,100
96.3138,100,100
96.3126,100,100
96.3114,100,100
96.3103,100,100
96.3091,100,100
96.3079,100,100
96.3068,100,100
96.3056,100,100
96.3044,100,100
96.3033,100,100
96.3021,100,100
96.3009,100,100
96.2998,100,100
96.2986,100,100
96.2974,100,100
96.2963,100,100
96.2951,100,100
96.2939,100,100
96.2928,100,100
96.2916,100,100
96.2904,100,100
96.2892,100,100
96.2881,100,100
96.2869,100,100
96.2857,100,100
96.2846,100,100
96.2834,100,100
96.2822,100,100
96.2811,100,100
96.2799,100,100
96.2787,100,100
96.2776,100,100
96.2764,100,100
96.2752,100,100
96.2741,100,100
96.2729,100,100
96.2717,100,100
96.2706,100,100
96.2694,100,100
96.2682,100,100
96.2671,100,100
96.2659,100,100
96.2647,100,100
96.2636,100,100
96.2624,100,100
96.2612,100,100
96.2601,100,100
96.2589,100,100
96.2577,100,100
96.2566,100,100
96.2554,100,100
96.2542,100,100
96.2531,100,100
96.2519,100,100
96.2507,100,100
96.2496,100,100
96.2484,100,100
96.2472,100,100
96.2461,100,100
96.2449,100,100
96.2437,100,100
96.2426,100,100
96.2414,100,100
96.2402,100,100
96.2391,100,100
96.2379,100,100
96.2367,100,100
96.2356,100,100
96.2344,100,100
96.2332,100,100
96.2321,100,100
96.2309,100,100
96.2297,100,100
96.2286,100,100
96.2274,100,100
96.2262,100,100
96.2251,100,100
96.2239,100,100
96.2227,100,100
96.2216,100,100
96.2204,100,100
96.2192,100,100
96.2181,100,100
96.2169,100,100
96.2157,100,100
96.2146,100,100
96.2134,100,100
96.2122,100,100
96.2111,100,100
96.2099,100,100
96.2087,100,100
96.2076,100,100
96.2064,100,100
96.2052,100,100
96.2041,100,100
96.2029,100,100
96.2018,100,100
96.2006,100,100
96.1994,100,100
96.1983,100,100
96.1971,100,100
96.1959,100,100
96.1948,100,100
96.1936,100,100
96.1924,100,100
96.1913,100,100
96.1901,100,100
96.1889,100,100
96.1878,100,100
96.1866,100,100
96.1854,100,100
96.1843,100,100
96.1831,100,100
96.182,100,100
96.1808,100,100
96.1796,100,100
96.1785,100,100
96.1773,100,100
96.1761,100,100
96.175,100,100
96.1738,100,100
96.1726,100,100
96.1715,100,100
96.1703,100,100
96.1691,100,100
96.168,100,100
96.1668,100,100
96.1656,100,100
96.1645,100,100
96.1633,100,100
96.1622,100,100
96.161,100,100
96.1598,100,100
96.1587,100,100
96.1575,100,100
96.1563,100,100
96.1552,100,100
96.154,100,100
96.1528,100,100
96.1517,100,100
96.1505,100,100
96.1493,100,100
96.1482,100,100
96.147,100,100
96.1459,100,100
96.1447,100,100
96.1435,100,100
96.1424,100,100
96.1412,100,100
96.14,100,100
96.1389,100,100
96.1377,100,100
96.1365,100,100
96.1354,100,100
96.1342,100,100
96.133,100,100
96.1319,100,100
96.1307,100,100
96.1295,100,100
96.1284,100,100
96.1272,100,100
96.1261,100,100
96.1249,100,100
96.1237,100,100
96.1226,100,100
96.1214,100,100
96.1202,100,100
96.1191,100,100
96.1179,100,100
96.1167,100,100
96.1156,100,100
96.1144,100,100
96.1132,100,100
96.1121,100,100
96.1109,100,100
96.1097,100,100
96.1086,100,100
96.1074,100,100
96.1063,100,100
96.1051,100,100
96.1039,100,100
96.1028,100,100
96.1016,100,100
96.1004,100,100
96.0993,100,100
96.0981,100,100
96.0969,100,100
96.0958,100,100
96.0946,100,100
96.0934,100,100
96.0923,100,100
96.0911,100,100
96.0899,100,100
96.0888,100,100
96.0876,100,100
96.0865,100,100
96.0853,100,100
96.0841,100,100
96.083,100,100
96.0818,100,100
96.0806,100,100
96.0795,100,100
96.0783,100,100
96.0771,100,100
96.076,100,100
96.0748,100,100
96.0736,100,100
96.0725,100,100
96.0713,100,100
96.0701,100,100
96.069,100,100
96.0678,100,100
96.0667,100,100
96.0655,100,100
96.0643,100,100
96.0632,100,100
96.062,100,100
96.0608,100,100
96.0597,100,100
96.0585,100,100
96.0573,100,100
96.0562,100,100
96.055,100,100
96.0538,100,100
96.0527,100,100
96.0515,100,100
96.0503,100,100
96.0492,100,100
96.048,100,100
96.0469,100,100
96.0457,100,100
96.0445,100,100
96.0434,100,100
96.0422,100,100
96.041,100,100
96.0399,100,100
96.0387,100,100
96.0375,100,100
96.0364,100,100
96.0352,100,100
96.034,100,100
96.0329,100,100
96.0317,100,100
96.0306,100,100
96.0294,100,100
96.0282,100,100
96.0271,100,100
96.0259,100,100
96.0247,100,100
96.0236,100,100
96.0224,100,100
96.0212,100,100
96.0201,100,100
96.0189,100,100
96.0177,100,100
96.0166,100,100
96.0154,100,100
96.0142,100,100
96.0131,100,100
96.0119,100,100
96.0108,100,100
96.0096,100,100
96.0084,100,100
96.0073,100,100
96.0061,100,100
96.0049,100,100
96.0038,100,100
96.0026,100,100
96.0014,100,100
96.0003,100,100
95.9991,100,100
95.9979,100,100
95.9968,100,100
95.9956,100,100
95.9944,100,100
95.9933,100,100
95.9921,100,100
95.991,100,100
95.9898,100,100
95.9886,100,100
95.9875,100,100
95.9863,100,100
95.9851,100,100
95.984,100,100
95.9828,100,100
95.9816,100,100
95.9805,100,100
95.9793,100,100
95.9781,100,100
95.977,100,100
95.9758,100,100
95.9746,100,100
95.9735,100,100
95.9723,100,100
95.9712,100,100
95.97,100,100
95.9688,100,100
95.9677,100,100
95.9665,100,100
95.9653,100,100
95.9642,100,100
95.963,100,100
95.9618,100,100
95.9607,100,100
95.9595,100,100
95.9583,100,100
95.9572,100,100
95.956,100,100
95.9548,100,100
95.9537,100,100
95.9525,100,100
95.9514,100,100
95.9502,100,100
95.949,100,100
95.9479,100,100
95.9467,100,100
95.9455,100,100
95.9444,100,100
95.9432,100,100
95.942,100,100
95.9409,100,100
95.9397,100,100
95.9385,100,100
95.9374,100,100
95.9362,100,100
95.935,100,100
95.9339,100,100
95.9327,100,100
95.9316,100,100
95.9304,100,100
95.9292,100,100
95.9281,100,100
95.9269,100,100
95.9257,100,100
95.9246,100,100
95.9234,100,100
95.9222,100,100
95.9211,100,100
95.9199,100,100
95.9187,100,100
95.9176,100,100
95.9164,100,100
95.9152,100,100
95.9141,100,100
95.9129,100,100
95.9118,100,100
95.9106,100,100
95.9094,100,100
95.9083,100,100
95.9071,100,100
95.9059,100,100
95.9048,100,100
95.9036,100,100
95.9024,100,100
95.9013,100,100
95.9001,100,100
95.8989,100,100
95.8978,100,100
95.8966,100,100
95.8955,100,100
95.8943,100,100
95.8931,100,100
95.892,100,100
95.8908,100,100
95.8896,100,100
95.8885,100,100
95.8873,100,100
95.8861,100,100
95.885,100,100
95.8838,100,100
95.8826,100,100
95.8815,100,100
95.8803,100,100
95.8791,100,100
95.878,100,100
95.8768,100,100
95.8757,100,100
95.8745,100,100
95.8733,100,100
95.8722,100,100
95.871,100,100
95.8698,100,100
95.8687,100,100
95.8675,100,100
95.8663,100,100
95.8652,100,100
95.864,100,100
95.8628,100,100
95.8617,100,100
95.8605,100,100
95.8593,100,100
95.8582,100,100
95.857,100,100
95.8559,100,100
95.8547,100,100
95.8535,100,100
95.8524,100,100
95.8512,100,100
95.85,100,100
95.8489,100,100
95.8477,100,100
95.8465,100,100
95.8454,100,100
95.8442,100,100
95.843,100,100
95.8419,100,100
95.8407,100,100
95.8395,100,100
95.8384,100,100
95.8372,100,100
95.8361,100,100
95.8349,100,100
95.8337,100,100
95.8326,100,100
95.8314,100,100
95.8302,100,100
95.8291,100,100
95.8279,100,100
95.8267,100,100
95.8256,100,100
95.8244,100,100
95.8232,100,100
95.8221,100,100
95.8209,100,100
95.8197,100,100
95.8186,100,100
95.8174,100,100
95.8163,100,100
95.8151,100,100
95.8139,100,100
95.8128,100,100
95.8116,100,100
95.8104,100,100
95.8093,100,100
95.8081,100,100
95.8069,100,100
95.8058,100,100
95.8046,100,100
95.8034,100,100
95.8023,100,100
95.8011,100,100
95.7999,100,100
95.7988,100,100
95.7976,100,100
95.7965,100,100
95.7953,100,100
95.7941,100,100
95.793,100,100
95.7918,100,100
95.7906,100,100
95.7895,100,100
95.7883,100,100
95.7871,100,100
95.786,100,100
95.7848,100,100
95.7836,100,100
95.7825,100,100
95.7813,100,100
95.7802,100,100
95.779,100,100
95.7778,100,100
95.7767,100,100
95.7755,100,100
95.7743,100,100
95.7732,100,100
95.772,100,100
95.7708,100,100
95.7697,100,100
95.7685,100,100
95.7673,100,100
95.7662,100,100
95.765,100,100
95.7638,100,100
95.7627,100,100
95.7615,100,100
95.7604,100,100
95.7592,100,100
95.758,100,100
95.7569,100,100
95.7557,100,100
95.7545,100,100
95.7534,100,100
95.7522,100,100
95.751,100,100
95.7499,100,100
95.7487,100,100
95.7475,100,100
95.7464,100,100
95.7452,100,100
95.744,100,100
95.7429,100,100
95.7417,100,100
95.7406,100,100
95.7394,100,100
95.7382,100,100
95.7371,100,100
95.7359,100,100
95.7347,100,100
95.7336,100,100
95.7324,100,100
95.7312,100,100
95.7301,100,100
95.7289,100,100
95.7277,100,100
95.7266,100,100
95.7254,100,100
95.7242,100,100
95.7231,100,100
95.7219,100,100
95.7208,100,100
95.7196,100,100
95.7184,100,100
95.7173,100,100
95.7161,100,100
95.7149,100,100
95.7138,100,100
95.7126,100,100
95.7114,100,100
95.7103,100,100
95.7091,100,100
95.7079,100,100
95.7068,100,100
95.7056,100,100
95.7044,100,100
95.7033,100,100
95.7021,100,100
95.701,100,100
95.6998,100,100
95.6986,100,100
95.6975,100,100
95.6963,100,100
95.6951,100,100
95.694,100,100
95.6928,100,100
95.6916,100,100
95.6905,100,100
95.6893,100,100
95.6881,100,100
95.687,100,100
95.6858,100,100
95.6846,100,100
95.6835,100,100
95.6823,100,100
95.6812,100,100
95.68,100,100
95.6788,100,100
95.6777,100,100
95.6765,100,100
95.6753,100,100
95.6742,100,100
95.673,100,100
95.6718,100,100
95.6707,100,100
95.6695,100,100
95.6683,100,100
95.6672,100,100
95.666,100,100
95.6649,100,100
95.6637,100,100
95.6625,100,100
95.6614,100,100
95.6602,100,100
95.659,100,100
95.6579,100,100
95.6567,100,100
95.6555,100,100
95.6544,100,100
95.6532,100,100
95.652,100,100
95.6509,100,100
95.6497,100,100
95.6485,100,100
95.6474,100,100
95.6462,100,100
95.6451,100,100
95.6439,100,100
95.6427,100,100
95.6416,100,100
95.6404,100,100
95.6392,100,100
95.6381,100,100
95.6369,100,100
95.6357,100,100
95.6346,100,100
95.6334,100,100
95.6322,100,100
95.6311,100,100
95.6299,100,100
95.6287,100,100
95.6276,100,100
95.6264,100,100
95.6252,100,100
95.6241,100,100
95.6229,100,100
95.6217,100,100
95.6206,100,100
95.6194,100,100
95.6182,100,100
95.6171,100,100
95.6159,100,100
95.6147,100,100
95.6135,100,100
95.6124,100,100
95.6112,100,100
95.61,100,100
95.6089,100,100
95.6077,100,100
95.6065,100,100
95.6054,100,100
95.6042,100,100
95.603,100,100
95.6019,100,100
95.6007,100,100
95.5995,100,100
95.5984,100,100
95.5972,100,100
95.596,100,100
95.5949,100,100
95.5937,100,100
95.5925,100,100
95.5913,100,100
95.5902,100,100
95.589,100,100
95.5878,100,100
95.5867,100,100
95.5855,100,100
95.5843,100,100
95.5832,100,100
95.582,100,100
95.5808,100,100
95.5797,100,100
95.5785,100,100
95.5773,100,100
95.5762,100,100
95.575,100,100
95.5738,100,100
95.5727,100,100
95.5715,100,100
95.5703,100,100
95.5692,100,100
95.568,100,100
95.5668,100,100
95.5656,100,100
95.5645,100,100
95.5633,100,100
95.5621,100,100
95.561,100,100
95.5598,100,100
95.5586,100,100
95.5575,100,100
95.5563,100,100
95.5551,100,100
95.554,100,100
95.5528,100,100
95.5516,100,100
95.5505,100,100
95.5493,100,100
95.5481,100,100
95.547,100,100
95.5458,100,100
95.5446,100,100
95.5434,100,100
95.5423,100,100
95.5411,100,100
95.5399,100,100
95.5388,100,100
95.5376,100,100
95.5364,100,100
95.5353,100,100
95.5341,100,100
95.5329,100,100
95.5318,100,100
95.5306,100,100
95.5294,100,100
95.5283,100,100
95.5271,100,100
95.5259,100,100
95.5248,100,100
95.5236,100,100
95.5224,100,100
95.5212,100,100
95.5201,100,100
95.5189,100,100
95.5177,100,100
95.5166,100,100
95.5154,100,100
95.5142,100,100
95.5131,100,100
95.5119,100,100
95.5107,100,100
95.5096,100,100
95.5084,100,100
95.5072,100,100
95.5061,100,100
95.5049,100,100
95.5037,100,100
95.5026,100,100
95.5014,100,100
95.5002,100,100
95.499,100,100
95.4979,100,100
95.4967,100,100
95.4955,100,100
95.4944,100,100
95.4932,100,100
95.492,100,100
95.4909,100,100
95.4897,100,100
95.4885,100,100
95.4874,100,100
95.4862,100,100
95.485,100,100
95.4839,100,100
95.4827,100,100
95.4815,100,100
95.4804,100,100
95.4792,100,100
95.478,100,100
95.4768,100,100
95.4757,100,100
95.4745,100,100
95.4733,100,100
95.4722,100,100
95.471,100,100
95.4698,100,100
95.4687,100,100
95.4675,100,100
95.4663,100,100
95.4652,100,100
95.464,100,100
95.4628,100,100
95.4617,100,100
95.4605,100,100
95.4593,100,100
95.4582,100,100
95.457,100,100
95.4558,100,100
95.4547,100,100
95.4535,100,100
95.4523,100,100
95.4511,100,100
95.45,100,100
95.4488,100,100
95.4476,100,100
95.4465,100,100
95.4453,100,100
95.4441,100,100
95.443,100,100
95.4418,100,100
95.4406,100,100
95.4395,100,100
95.4383,100,100
95.4371,100,100
95.436,100,100
95.4348,100,100
95.4336,100,100
95.4325,100,100
95.4313,100,100
95.4301,100,100
95.4289,100,100
95.4278,100,100
95.4266,100,100
95.4254,100,100
95.4243,100,100
95.4231,100,100
95.4219,100,100
95.4208,100,100
95.4196,100,100
95.4184,100,100
95.4173,100,100
95.4161,100,100
95.4149,100,100
95.4138,100,100
95.4126,100,100
95.4114,100,100
95.4103,100,100
95.4091,100,100
95.4079,100,100
95.4067,100,100
95.4056,100,100
95.4044,100,100
95.4032,100,100
95.4021,100,100
95.4009,100,100
95.3997,100,100
95.3986,100,100
95.3974,100,100
95.3962,100,100
95.3951,100,100
95.3939,100,100
95.3927,100,100
95.3916,100,100
95.3904,100,100
95.3892,100,100
95.3881,100,100
95.3869,100,100
95.3858,100,100
95.3846,100,100
95.3834,100,100
95.3823,100,100
95.3811,100,100
95.3799,100,100
95.3788,100,100
95.3776,100,100
95.3764,100,100
95.3753,100,100
95.3741,100,100
95.3729,100,100
95.3718,100,100
95.3706,100,100
95.3694,100,100
95.3683,100,100
95.3671,100,100
95.366,100,100
95.3648,100,100
95.3636,100,100
95.3625,100,100
95.3613,100,100
95.3601,100,100
95.359,100,100
95.3578,100,100
95.3566,100,100
95.3555,100,100
95.3543,100,100
95.3531,100,100
95.352,100,100
95.3508,100,100
95.3496,100,100
95.3485,100,100
95.3473,100,100
95.3462,100,100
95.345,100,100
95.3438,100,100
95.3427,100,100
95.3415,100,100
95.3403,100,100
95.3392,100,100
95.338,100,100
95.3368,100,100
95.3357,100,100
95.3345,100,100
95.3333,100,100
95.3322,100,100
95.331,100,100
95.3298,100,100
95.3287,100,100
95.3275,100,100
95.3264,100,100
95.3252,100,100
95.324,100,100
95.3229,100,100
95.3217,100,100
95.3205,100,100
95.3194,100,100
95.3182,100,100
95.317,100,100
95.3159,100,100
95.3147,100,100
95.3135,100,100
95.3124,100,100
95.3112,100,100
95.3101,100,100
95.3089,100,100
95.3077,100,100
95.3066,100,100
95.3054,100,100
95.3042,100,100
95.3031,100,100
95.3019,100,100
95.3007,100,100
95.2996,100,100
95.2984,100,100
95.2972,100,100
95.2961,100,100
95.2949,100,100
95.2937,100,100
95.2926,100,100
95.2914,100,100
95.2903,100,100
95.2891,100,100
95.2879,100,100
95.2868,100,100
95.2856,100,100
95.2844,100,100
95.2833,100,100
95.2821,100,100
95.2809,100,100
95.2798,100,100
95.2786,100,100
95.2774,100,100
95.2763,100,100
95.2751,100,100
95.2739,100,100
95.2728,100,100
95.2716,100,100
95.2704,100,100
95.2693,100,100
95.2681,100,100
95.2669,100,100
95.2658,100,100
95.2646,100,100
95.2635,100,100
95.2623,100,100
95.2611,100,100
95.26,100,100
95.2588,100,100
95.2576,100,100
95.2565,100,100
95.2553,100,100
95.2541,100,100
95.253,100,100
95.2518,100,100
95.2506,100,100
95.2495,100,100
95.2483,100,100
95.2471,100,100
95.246,100,100
95.2448,100,100
95.2436,100,100
95.2425,100,100
95.2413,100,100
95.2401,100,100
95.239,100,100
95.2378,100,100
95.2366,100,100
95.2355,100,100
95.2343,100,100
95.2331,100,100
95.232,100,100
95.2308,100,100
95.2297,100,100
95.2285,100,100
95.2273,100,100
95.2262,100,100
95.225,100,100
95.2238,100,100
95.2227,100,100
95.2215,100,100
95.2203,100,100
95.2192,100,100
95.218,100,100
95.2168,100,100
95.2157,100,100
95.2145,100,100
95.2133,100,100
95.2122,100,100
95.211,100,100
95.2098,100,100
95.2087,100,100
95.2075,100,100
95.2063,100,100
95.2052,100,100
95.204,100,100
95.2028,100,100
95.2017,100,100
95.2005,100,100
95.1993,100,100
95.1982,100,100
95.197,100,100
95.1959,100,100
95.1947,100,100
95.1935,100,100
95.1924,100,100
95.1912,100,100
95.19,100,100
95.1889,100,100
95.1877,100,100
95.1865,100,100
95.1854,100,100
95.1842,100,100
95.183,100,100
95.1819,100,100
95.1807,100,100
95.1795,100,100
95.1784,100,100
95.1772,100,100
95.176,100,100
95.1749,100,100
95.1737,100,100
95.1725,100,100
95.1714,100,100
95.1702,100,100
95.169,100,100
95.1679,100,100
95.1667,100,100
95.1655,100,100
95.1644,100,100
95.1632,100,100
95.1621,100,100
95.1609,100,100
95.1597,100,100
95.1586,100,100
95.1574,100,100
95.1562,100,100
95.1551,100,100
95.1539,100,100
95.1527,100,100
95.1516,100,100
95.1504,100,100
95.1492,100,100
95.1481,100,100
95.1469,100,100
95.1457,100,100
95.1446,100,100
95.1434,100,100
95.1423,100,100
95.1411,100,100
95.1399,100,100
95.1388,100,100
95.1376,100,100
95.1364,100,100
95.1353,100,100
95.1341,100,100
95.1329,100,100
95.1318,100,100
95.1306,100,100
95.1294,100,100
95.1283,100,100
95.1271,100,100
95.1259,100,100
95.1248,100,100
95.1236,100,100
95.1225,100,100
95.1213,100,100
95.1201,100,100
95.119,100,100
95.1178,100,100
95.1166,100,100
95.1155,100,100
95.1143,100,100
95.1131,100,100
95.112,100,100
95.1108,100,100
95.1096,100,100
95.1085,100,100
95.1073,100,100
95.1061,100,100
95.105,100,100
95.1038,100,100
95.1027,100,100
95.1015,100,100
95.1003,100,100
95.0992,100,100
95.098,100,100
95.0968,100,100
95.0957,100,100
95.0945,100,100
95.0933,100,100
95.0922,100,100
95.091,100,100
95.0898,100,100
95.0887,100,100
95.0875,100,100
95.0863,100,100
95.0852,100,100
95.084,100,100
95.0829,100,100
95.0817,100,100
95.0805,100,100
95.0794,100,100
95.0782,100,100
95.077,100,100
95.0759,100,100
95.0747,100,100
95.0735,100,100
95.0724,100,100
95.0712,100,100
95.07,100,100
95.0689,100,100
95.0677,100,100
95.0665,100,100
95.0654,100,100
95.0642,100,100
95.0631,100,100
95.0619,100,100
95.0607,100,100
95.0596,100,100
95.0584,100,100
95.0572,100,100
95.0561,100,100
95.0549,100,100
95.0537,100,100
95.0526,100,100
95.0514,100,100
95.0502,100,100
95.0491,100,100
95.0479,100,100
95.0468,100,100
95.0456,100,100
95.0444,100,100
95.0433,100,100
95.0421,100,100
95.0409,100,100
95.0398,100,100
95.0386,100,100
95.0374,100,100
95.0363,100,100
95.0351,100,100
95.0339,100,100
95.0328,100,100
95.0316,100,100
95.0304,100,100
95.0293,100,100
95.0281,100,100
95.027,100,100
95.0258,100,100
95.0246,100,100
95.0235,100,100
95.0223,100,100
95.0211,100,100
95.02,100,100
95.0188,100,100
95.0176,100,100
95.0165,100,100
95.0153,100,100
95.0141,100,100
95.013,100,100
95.0118,100,100
95.0106,100,100
95.0095,100,100
95.0083,100,100
95.0072,100,100
95.006,100,100
95.0048,100,100
95.0037,100,100
95.0025,100,100
95.0013,100,100
95.0002,100,100
94.999,100,100
94.9978,100,100
94.9967,100,100
94.9955,100,100
94.9943,100,100
94.9932,100,100
94.992,100,100
94.9908,100,100
94.9897,100,100
94.9885,100,100
94.9874,100,100
94.9862,100,100
94.985,100,100
94.9839,100,100
94.9827,100,100
94.9815,100,100
94.9804,100,100
94.9792,100,100
94.978,100,100
94.9769,100,100
94.9757,100,100
94.9745,100,100
94.9734,100,100
94.9722,100,100
94.971,100,100
94.9699,100,100
94.9687,100,100
94.9676,100,100
94.9664,100,100
94.9652,100,100
94.9641,100,100
94.9629,100,100
94.9617,100,100
94.9606,100,100
94.9594,100,100
94.9582,100,100
94.9571,100,100
94.9559,100,100
94.9547,100,100
94.9536,100,100
94.9524,100,100
94.9512,100,100
94.9501,100,100
94.9489,100,100
94.9478,100,100
94.9466,100,100
94.9454,100,100
94.9443,100,100
94.9431,100,100
94.9419,100,100
94.9408,100,100
94.9396,100,100
94.9384,100,100
94.9373,100,100
94.9361,100,100
94.9349,100,100
94.9338,100,100
94.9326,100,100
94.9315,100,100
94.9303,100,100
94.9291,100,100
94.928,100,100
94.9268,100,100
94.9256,100,100
94.9245,100,100
94.9233,100,100
94.9221,100,100
94.921,100,100
94.9198,100,100
94.9186,100,100
94.9175,100,100
94.9163,100,100
94.9151,100,100
94.914,100,100
94.9128,100,100
94.9117,100,100
94.9105,100,100
94.9093,100,100
94.9082,100,100
94.907,100,100
94.9058,100,100
94.9047,100,100
94.9035,100,100
94.9023,100,100
94.9012,100,100
94.9,100,100
94.8988,100,100
94.8977,100,100
94.8965,100,100
94.8953,100,100
94.8942,100,100
94.893,100,100
94.8919,100,100
94.8907,100,100
94.8895,100,100
94.8884,100,100
94.8872,100,100
94.886,100,100
94.8849,100,100
94.8837,100,100
94.8825,100,100
94.8814,100,100
94.8802,100,100
94.879,100,100
94.8779,100,100
94.8767,100,100
94.8755,100,100
94.8744,100,100
94.8732,100,100
94.8721,100,100
94.8709,100,100
94.8697,100,100
94.8686,100,100
94.8674,100,100
94.8662,100,100
94.8651,100,100
94.8639,100,100
94.8627,100,100
94.8616,100,100
94.8604,100,100
94.8592,100,100
94.8581,100,100
94.8569,100,100
94.8557,100,100
94.8546,100,100
94.8534,100,100
94.8523,100,100
94.8511,100,100
94.8499,100,100
94.8488,100,100
94.8476,100,100
94.8464,100,100
94.8453,100,100
94.8441,100,100
94.8429,100,100
94.8418,100,100
94.8406,100,100
94.8394,100,100
94.8383,100,100
94.8371,100,100
94.8359,100,100
94.8348,100,100
94.8336,100,100
94.8325,100,100
94.8313,100,100
94.8301,100,100
94.829,100,100
94.8278,100,100
94.8266,100,100
94.8255,100,100
94.8243,100,100
94.8231,100,100
94.822,100,100
94.8208,100,100
94.8196,100,100
94.8185,100,100
94.8173,100,100
94.8162,100,100
94.815,100,100
94.8138,100,100
94.8127,100,100
94.8115,100,100
94.8103,100,100
94.8092,100,100
94.808,100,100
94.8068,100,100
94.8057,100,100
94.8045,100,100
94.8033,100,100
94.8022,100,100
94.801,100,100
94.7998,100,100
94.7987,100,100
94.7975,100,100
94.7964,100,100
94.7952,100,100
94.794,100,100
94.7929,100,100
94.7917,100,100
94.7905,100,100
94.7894,100,100
94.7882,100,100
94.787,100,100
94.7859,100,100
94.7847,100,100
94.7835,100,100
94.7824,100,100
94.7812,100,100
94.78,100,100
94.7789,100,100
94.7777,100,100
94.7766,100,100
94.7754,100,100
94.7742,100,100
94.7731,100,100
94.7719,100,100
94.7707,100,100
94.7696,100,100
94.7684,100,100
94.7672,100,100
94.7661,100,100
94.7649,100,100
94.7637,100,100
94.7626,100,100
94.7614,100,100
94.7602,100,100
94.7591,100,100
94.7579,100,100
94.7568,100,100
94.7556,100,100
94.7544,100,100
94.7533,100,100
94.7521,100,100
94.7509,100,100
94.7498,100,100
94.7486,100,100
94.7474,100,100
94.7463,100,100
94.7451,100,100
94.7439,100,100
94.7428,100,100
94.7416,100,100
94.7404,100,100
94.7393,100,100
94.7381,100,100
94.737,100,100
94.7358,100,100
94.7346,100,100
94.7335,100,100
94.7323,100,100
94.7311,100,100
94.73,100,100
94.7288,100,100
94.7276,100,100
94.7265,100,100
94.7253,100,100
94.7241,100,100
94.723,100,100
94.7218,100,100
94.7206,100,100
94.7195,100,100
94.7183,100,100
94.7172,100,100
94.716,100,100
94.7148,100,100
94.7137,100,100
94.7125,100,100
94.7113,100,100
94.7102,100,100
94.709,100,100
94.7078,100,100
94.7067,100,100
94.7055,100,100
94.7043,100,100
94.7032,100,100
94.702,100,100
94.7008,100,100
94.6997,100,100
94.6985,100,100
94.6974,100,100
94.6962,100,100
94.695,100,100
94.6939,100,100
94.6927,100,100
94.6915,100,100
94.6904,100,100
94.6892,100,100
94.688,100,100
94.6869,100,100
94.6857,100,100
94.6846,100,100
94.6834,100,100
94.6822,100,100
94.6811,100,100
94.6799,100,100
94.6787,100,100
94.6776,100,100
94.6764,100,100
94.6752,100,100
94.6741,100,100
94.6729,100,100
94.6717,100,100
94.6706,100,100
94.6694,100,100
94.6683,100,100
94.6671,100,100
94.6659,100,100
94.6648,100,100
94.6636,100,100
94.6624,100,100
94.6613,100,100
94.6601,100,100
94.6589,100,100
94.6578,100,100
94.6566,100,100
94.6555,100,100
94.6543,100,100
94.6531,100,100
94.652,100,100
94.6508,100,100
94.6496,100,100
94.6485,100,100
94.6473,100,100
94.6461,100,100
94.645,100,100
94.6438,100,100
94.6426,100,100
94.6415,100,100
94.6403,100,100
94.6392,100,100
94.638,100,100
94.6368,100,100
94.6357,100,100
94.6345,100,100
94.6333,100,100
94.6322,100,100
94.631,100,100
94.6298,100,100
94.6287,100,100
94.6275,100,100
94.6264,100,100
94.6252,100,100
94.624,100,100
94.6229,100,100
94.6217,100,100
94.6205,100,100
94.6194,100,100
94.6182,100,100
94.617,100,100
94.6159,100,100
94.6147,100,100
94.6135,100,100
94.6124,100,100
94.6112,100,100
94.6101,100,100
94.6089,100,100
94.6077,100,100
94.6066,100,100
94.6054,100,100
94.6042,100,100
94.6031,100,100
94.6019,100,100
94.6007,100,100
94.5996,100,100
94.5984,100,100
94.5973,100,100
94.5961,100,100
94.5949,100,100
94.5938,100,100
94.5926,100,100
94.5914,100,100
94.5903,100,100
94.5891,100,100
94.5879,100,100
94.5868,100,100
94.5856,100,100
94.5844,100,100
94.5833,100,100
94.5821,100,100
94.581,100,100
94.5798,100,100
94.5786,100,100
94.5775,100,100
94.5763,100,100
94.5752,100,100
94.574,100,100
94.5728,100,100
94.5717,100,100
94.5705,100,100
94.5694,100,100
94.5682,100,100
94.567,100,100
94.5659,100,100
94.5647,100,100
94.5636,100,100
94.5624,100,100
94.5612,100,100
94.5601,100,100
94.5589,100,100
94.5578,100,100
94.5566,100,100
94.5555,100,100
94.5543,100,100
94.5531,100,100
94.552,100,100
94.5508,100,100
94.5497,100,100
94.5485,100,100
94.5473,100,100
94.5462,100,100
94.545,100,100
94.5439,100,100
94.5427,100,100
94.5415,100,100
94.5404,100,100
94.5392,100,100
94.5381,100,100
94.5369,100,100
94.5357,100,100
94.5346,100,100
94.5334,100,100
94.5323,100,100
94.5311,100,100
94.5299,100,100
94.5288,100,100
94.5276,100,100
94.5265,100,100
94.5253,100,100
94.5241,100,100
94.523,100,100
94.5218,100,100
94.5207,100,100
94.5195,100,100
94.5183,100,100
94.5172,100,100
94.516,100,100
94.5149,100,100
94.5137,100,100
94.5125,100,100
94.5114,100,100
94.5102,100,100
94.5091,100,100
94.5079,100,100
94.5068,100,100
94.5056,100,100
94.5044,100,100
94.5033,100,100
94.5021,100,100
94.501,100,100
94.4998,100,100
94.4986,100,100
94.4975,100,100
94.4963,100,100
94.4952,100,100
94.494,100,100
94.4928,100,100
94.4917,100,100
94.4905,100,100
94.4894,100,100
94.4882,100,100
94.487,100,100
94.4859,100,100
94.4847,100,100
94.4836,100,100
94.4824,100,100
94.4812,100,100
94.4801,100,100
94.4789,100,100
94.4778,100,100
94.4766,100,100
94.4754,100,100
94.4743,100,100
94.4731,100,100
94.472,100,100
94.4708,100,100
94.4696,100,100
94.4685,100,100
94.4673,100,100
94.4662,100,100
94.465,100,100
